2025-09-28 23:54:02,961 - INFO - ProtoSerialClient created for COM4 @ 230400
2025-09-28 23:54:02,965 - WARNING - Ping after reconnect failed: No client bound to runtime (File: proto_connection, Line: 53, Function: _on_up)
2025-09-28 23:54:02,965 - INFO - Listener started
2025-09-28 23:54:03,907 - INFO - samples: +64/s, lost_total=0, dup_total=0, resets=0
2025-09-28 23:54:04,909 - INFO - samples: +80/s, lost_total=0, dup_total=0, resets=0
2025-09-28 23:54:05,909 - INFO - samples: +80/s, lost_total=0, dup_total=0, resets=0
2025-09-28 23:54:06,905 - INFO - samples: +80/s, lost_total=0, dup_total=0, resets=0
2025-09-28 23:54:07,898 - INFO - samples: +80/s, lost_total=0, dup_total=0, resets=0
2025-09-28 23:54:08,901 - INFO - samples: +81/s, lost_total=0, dup_total=0, resets=0
2025-09-28 23:54:09,908 - INFO - samples: +81/s, lost_total=0, dup_total=0, resets=0
2025-09-28 23:54:10,899 - INFO - samples: +80/s, lost_total=0, dup_total=0, resets=0
2025-09-28 23:54:11,901 - INFO - samples: +81/s, lost_total=0, dup_total=0, resets=0
2025-09-28 23:54:12,901 - INFO - samples: +80/s, lost_total=0, dup_total=0, resets=0
2025-09-28 23:54:13,905 - INFO - samples: +81/s, lost_total=0, dup_total=0, resets=0
2025-09-28 23:54:14,906 - INFO - samples: +80/s, lost_total=0, dup_total=0, resets=0
2025-09-28 23:54:15,904 - INFO - samples: +81/s, lost_total=0, dup_total=0, resets=0
2025-09-28 23:54:16,903 - INFO - samples: +81/s, lost_total=0, dup_total=0, resets=0
2025-09-28 23:54:17,906 - INFO - samples: +81/s, lost_total=0, dup_total=0, resets=0
2025-09-28 23:54:18,900 - INFO - samples: +80/s, lost_total=0, dup_total=0, resets=0
2025-09-28 23:54:19,900 - INFO - samples: +81/s, lost_total=0, dup_total=0, resets=0
2025-09-28 23:54:20,910 - INFO - samples: +82/s, lost_total=0, dup_total=0, resets=0
2025-09-28 23:54:21,907 - INFO - samples: +81/s, lost_total=0, dup_total=0, resets=0
2025-09-28 23:54:22,904 - INFO - samples: +80/s, lost_total=0, dup_total=0, resets=0
2025-09-28 23:54:23,905 - INFO - samples: +80/s, lost_total=0, dup_total=0, resets=0
2025-09-28 23:54:24,905 - INFO - samples: +80/s, lost_total=0, dup_total=0, resets=0
2025-09-28 23:54:25,898 - INFO - samples: +79/s, lost_total=0, dup_total=0, resets=0
2025-09-28 23:54:26,907 - INFO - samples: +81/s, lost_total=0, dup_total=0, resets=0
2025-09-28 23:54:27,908 - INFO - samples: +81/s, lost_total=0, dup_total=0, resets=0
2025-09-28 23:54:28,901 - INFO - samples: +80/s, lost_total=0, dup_total=0, resets=0
2025-09-28 23:54:29,901 - INFO - samples: +80/s, lost_total=0, dup_total=0, resets=0
2025-09-28 23:54:30,904 - INFO - samples: +81/s, lost_total=0, dup_total=0, resets=0
2025-09-28 23:54:31,904 - INFO - samples: +81/s, lost_total=0, dup_total=0, resets=0
2025-09-28 23:54:32,906 - INFO - samples: +81/s, lost_total=0, dup_total=0, resets=0
2025-09-28 23:54:33,899 - INFO - samples: +80/s, lost_total=0, dup_total=0, resets=0
2025-09-28 23:54:34,907 - INFO - samples: +80/s, lost_total=0, dup_total=0, resets=0
2025-09-28 23:54:35,899 - INFO - samples: +79/s, lost_total=0, dup_total=0, resets=0
2025-09-28 23:54:36,248 - ERROR - Unhandled listener exception: Error parsing message with type 'FromEsp32' (File: proto_serial_client, Line: 127, Function: listen)
2025-09-28 23:54:36,293 - ERROR - Unhandled listener exception: Error parsing message with type 'FromEsp32' (File: proto_serial_client, Line: 127, Function: listen)
2025-09-28 23:54:36,340 - ERROR - Unhandled listener exception: Error parsing message with type 'FromEsp32' (File: proto_serial_client, Line: 127, Function: listen)
2025-09-28 23:54:36,551 - ERROR - Unhandled listener exception: Error parsing message with type 'FromEsp32' (File: proto_serial_client, Line: 127, Function: listen)
2025-09-28 23:54:36,609 - ERROR - Unhandled listener exception: Error parsing message with type 'FromEsp32' (File: proto_serial_client, Line: 127, Function: listen)
2025-09-28 23:54:37,103 - ERROR - Unhandled listener exception: Error parsing message with type 'FromEsp32' (File: proto_serial_client, Line: 127, Function: listen)
2025-09-28 23:54:37,217 - ERROR - Unhandled listener exception: Error parsing message with type 'FromEsp32' (File: proto_serial_client, Line: 127, Function: listen)
2025-09-28 23:54:37,349 - ERROR - Unhandled listener exception: Error parsing message with type 'FromEsp32' (File: proto_serial_client, Line: 127, Function: listen)
2025-09-28 23:54:37,471 - ERROR - Unhandled listener exception: Error parsing message with type 'FromEsp32' (File: proto_serial_client, Line: 127, Function: listen)
2025-09-28 23:54:37,561 - ERROR - Unhandled listener exception: Error parsing message with type 'FromEsp32' (File: proto_serial_client, Line: 127, Function: listen)
2025-09-28 23:54:38,048 - ERROR - Unhandled listener exception: Error parsing message with type 'FromEsp32' (File: proto_serial_client, Line: 127, Function: listen)
2025-09-28 23:54:38,160 - ERROR - Unhandled listener exception: Error parsing message with type 'FromEsp32' (File: proto_serial_client, Line: 127, Function: listen)
2025-09-28 23:54:38,228 - ERROR - Unhandled listener exception: Error parsing message with type 'FromEsp32' (File: proto_serial_client, Line: 127, Function: listen)
2025-09-28 23:54:38,494 - ERROR - Unhandled listener exception: Error parsing message with type 'FromEsp32' (File: proto_serial_client, Line: 127, Function: listen)
2025-09-28 23:54:38,596 - ERROR - Unhandled listener exception: Error parsing message with type 'FromEsp32' (File: proto_serial_client, Line: 127, Function: listen)
2025-09-28 23:54:38,843 - ERROR - Unhandled listener exception: Error parsing message with type 'FromEsp32' (File: proto_serial_client, Line: 127, Function: listen)
2025-09-28 23:54:39,090 - ERROR - Unhandled listener exception: Error parsing message with type 'FromEsp32' (File: proto_serial_client, Line: 127, Function: listen)
2025-09-28 23:54:39,323 - ERROR - Unhandled listener exception: Error parsing message with type 'FromEsp32' (File: proto_serial_client, Line: 127, Function: listen)
2025-09-28 23:54:39,358 - ERROR - Unhandled listener exception: Error parsing message with type 'FromEsp32' (File: proto_serial_client, Line: 127, Function: listen)
2025-09-28 23:54:39,522 - ERROR - Unhandled listener exception: Error parsing message with type 'FromEsp32' (File: proto_serial_client, Line: 127, Function: listen)
2025-09-28 23:54:39,601 - ERROR - Unhandled listener exception: Error parsing message with type 'FromEsp32' (File: proto_serial_client, Line: 127, Function: listen)
2025-09-28 23:54:39,758 - ERROR - Unhandled listener exception: Error parsing message with type 'FromEsp32' (File: proto_serial_client, Line: 127, Function: listen)
2025-09-28 23:54:39,827 - ERROR - Unhandled listener exception: Error parsing message with type 'FromEsp32' (File: proto_serial_client, Line: 127, Function: listen)
2025-09-28 23:54:40,051 - ERROR - Unhandled listener exception: Error parsing message with type 'FromEsp32' (File: proto_serial_client, Line: 127, Function: listen)
2025-09-28 23:54:40,185 - ERROR - Unhandled listener exception: Error parsing message with type 'FromEsp32' (File: proto_serial_client, Line: 127, Function: listen)
2025-09-28 23:54:40,414 - ERROR - Unhandled listener exception: Error parsing message with type 'FromEsp32' (File: proto_serial_client, Line: 127, Function: listen)
2025-09-28 23:54:40,651 - ERROR - Unhandled listener exception: Error parsing message with type 'FromEsp32' (File: proto_serial_client, Line: 127, Function: listen)
2025-09-28 23:54:40,675 - ERROR - Unhandled listener exception: Error parsing message with type 'FromEsp32' (File: proto_serial_client, Line: 127, Function: listen)
2025-09-28 23:54:40,875 - INFO - samples: +27/s, lost_total=607, dup_total=0, resets=0
2025-09-28 23:54:41,121 - ERROR - Unhandled listener exception: Error parsing message with type 'FromEsp32' (File: proto_serial_client, Line: 127, Function: listen)
2025-09-28 23:54:41,555 - ERROR - Unhandled listener exception: Error parsing message with type 'FromEsp32' (File: proto_serial_client, Line: 127, Function: listen)
2025-09-28 23:54:41,754 - ERROR - Unhandled listener exception: Error parsing message with type 'FromEsp32' (File: proto_serial_client, Line: 127, Function: listen)
2025-09-28 23:54:41,833 - ERROR - Unhandled listener exception: Error parsing message with type 'FromEsp32' (File: proto_serial_client, Line: 127, Function: listen)
2025-09-28 23:54:41,858 - ERROR - Unhandled listener exception: Error parsing message with type 'FromEsp32' (File: proto_serial_client, Line: 127, Function: listen)
2025-09-28 23:54:41,958 - ERROR - Unhandled listener exception: Error parsing message with type 'FromEsp32' (File: proto_serial_client, Line: 127, Function: listen)
2025-09-28 23:54:42,102 - ERROR - Unhandled listener exception: Error parsing message with type 'FromEsp32' (File: proto_serial_client, Line: 127, Function: listen)
2025-09-28 23:54:42,489 - ERROR - Unhandled listener exception: Error parsing message with type 'FromEsp32' (File: proto_serial_client, Line: 127, Function: listen)
2025-09-28 23:54:42,834 - ERROR - Unhandled listener exception: Error parsing message with type 'FromEsp32' (File: proto_serial_client, Line: 127, Function: listen)
2025-09-28 23:54:43,186 - ERROR - Unhandled listener exception: Error parsing message with type 'FromEsp32' (File: proto_serial_client, Line: 127, Function: listen)
2025-09-28 23:54:43,276 - ERROR - Unhandled listener exception: Error parsing message with type 'FromEsp32' (File: proto_serial_client, Line: 127, Function: listen)
2025-09-28 23:54:43,311 - ERROR - Unhandled listener exception: Error parsing message with type 'FromEsp32' (File: proto_serial_client, Line: 127, Function: listen)
2025-09-28 23:54:43,822 - ERROR - Unhandled listener exception: Error parsing message with type 'FromEsp32' (File: proto_serial_client, Line: 127, Function: listen)
2025-09-28 23:54:44,181 - ERROR - Unhandled listener exception: Error parsing message with type 'FromEsp32' (File: proto_serial_client, Line: 127, Function: listen)
2025-09-28 23:54:44,449 - ERROR - Unhandled listener exception: Error parsing message with type 'FromEsp32' (File: proto_serial_client, Line: 127, Function: listen)
2025-09-28 23:54:44,615 - ERROR - Unhandled listener exception: Error parsing message with type 'FromEsp32' (File: proto_serial_client, Line: 127, Function: listen)
2025-09-28 23:54:44,970 - ERROR - Unhandled listener exception: Error parsing message with type 'FromEsp32' (File: proto_serial_client, Line: 127, Function: listen)
2025-09-28 23:54:45,060 - INFO - samples: +1/s, lost_total=1153, dup_total=0, resets=0
2025-09-28 23:54:45,183 - ERROR - Unhandled listener exception: Error parsing message with type 'FromEsp32' (File: proto_serial_client, Line: 127, Function: listen)
2025-09-28 23:54:45,273 - ERROR - Unhandled listener exception: Error parsing message with type 'FromEsp32' (File: proto_serial_client, Line: 127, Function: listen)
2025-09-28 23:54:45,318 - ERROR - Unhandled listener exception: Error parsing message with type 'FromEsp32' (File: proto_serial_client, Line: 127, Function: listen)
2025-09-28 23:54:45,522 - ERROR - Unhandled listener exception: Error parsing message with type 'FromEsp32' (File: proto_serial_client, Line: 127, Function: listen)
2025-09-28 23:54:45,678 - ERROR - Unhandled listener exception: Error parsing message with type 'FromEsp32' (File: proto_serial_client, Line: 127, Function: listen)
2025-09-28 23:54:45,768 - ERROR - Unhandled listener exception: Error parsing message with type 'FromEsp32' (File: proto_serial_client, Line: 127, Function: listen)
2025-09-28 23:54:45,957 - ERROR - Unhandled listener exception: Error parsing message with type 'FromEsp32' (File: proto_serial_client, Line: 127, Function: listen)
2025-09-28 23:54:46,035 - ERROR - Unhandled listener exception: Error parsing message with type 'FromEsp32' (File: proto_serial_client, Line: 127, Function: listen)
2025-09-28 23:54:46,146 - ERROR - Unhandled listener exception: Error parsing message with type 'FromEsp32' (File: proto_serial_client, Line: 127, Function: listen)
2025-09-28 23:54:46,214 - ERROR - Unhandled listener exception: Error parsing message with type 'FromEsp32' (File: proto_serial_client, Line: 127, Function: listen)
2025-09-28 23:54:46,423 - ERROR - Unhandled listener exception: Error parsing message with type 'FromEsp32' (File: proto_serial_client, Line: 127, Function: listen)
2025-09-28 23:54:46,672 - ERROR - Unhandled listener exception: Error parsing message with type 'FromEsp32' (File: proto_serial_client, Line: 127, Function: listen)
2025-09-28 23:54:46,925 - ERROR - Unhandled listener exception: Error parsing message with type 'FromEsp32' (File: proto_serial_client, Line: 127, Function: listen)
2025-09-28 23:54:46,960 - ERROR - Unhandled listener exception: Error parsing message with type 'FromEsp32' (File: proto_serial_client, Line: 127, Function: listen)
2025-09-28 23:54:47,039 - ERROR - Unhandled listener exception: Error parsing message with type 'FromEsp32' (File: proto_serial_client, Line: 127, Function: listen)
2025-09-28 23:54:47,329 - ERROR - Unhandled listener exception: Error parsing message with type 'FromEsp32' (File: proto_serial_client, Line: 127, Function: listen)
2025-09-28 23:54:47,443 - ERROR - Unhandled listener exception: Error parsing message with type 'FromEsp32' (File: proto_serial_client, Line: 127, Function: listen)
2025-09-28 23:54:47,710 - ERROR - Unhandled listener exception: Error parsing message with type 'FromEsp32' (File: proto_serial_client, Line: 127, Function: listen)
2025-09-28 23:54:47,810 - ERROR - Unhandled listener exception: Error parsing message with type 'FromEsp32' (File: proto_serial_client, Line: 127, Function: listen)
2025-09-28 23:54:47,846 - ERROR - Unhandled listener exception: Error parsing message with type 'FromEsp32' (File: proto_serial_client, Line: 127, Function: listen)
2025-09-28 23:54:47,938 - ERROR - Unhandled listener exception: Error parsing message with type 'FromEsp32' (File: proto_serial_client, Line: 127, Function: listen)
2025-09-28 23:54:48,778 - ERROR - Unhandled listener exception: Error parsing message with type 'FromEsp32' (File: proto_serial_client, Line: 127, Function: listen)
2025-09-28 23:54:48,815 - ERROR - Unhandled listener exception: Error parsing message with type 'FromEsp32' (File: proto_serial_client, Line: 127, Function: listen)
2025-09-28 23:54:48,849 - ERROR - Unhandled listener exception: Error parsing message with type 'FromEsp32' (File: proto_serial_client, Line: 127, Function: listen)
2025-09-28 23:54:49,008 - ERROR - Unhandled listener exception: Error parsing message with type 'FromEsp32' (File: proto_serial_client, Line: 127, Function: listen)
2025-09-28 23:54:49,408 - INFO - samples: +1/s, lost_total=1717, dup_total=0, resets=0
2025-09-28 23:54:49,675 - ERROR - Unhandled listener exception: Error parsing message with type 'FromEsp32' (File: proto_serial_client, Line: 127, Function: listen)
2025-09-28 23:54:49,877 - ERROR - Unhandled listener exception: Error parsing message with type 'FromEsp32' (File: proto_serial_client, Line: 127, Function: listen)
2025-09-28 23:54:49,999 - ERROR - Unhandled listener exception: Error parsing message with type 'FromEsp32' (File: proto_serial_client, Line: 127, Function: listen)
2025-09-28 23:54:50,112 - ERROR - Unhandled listener exception: Error parsing message with type 'FromEsp32' (File: proto_serial_client, Line: 127, Function: listen)
2025-09-28 23:54:50,469 - ERROR - Unhandled listener exception: Error parsing message with type 'FromEsp32' (File: proto_serial_client, Line: 127, Function: listen)
2025-09-28 23:54:50,693 - ERROR - Unhandled listener exception: Error parsing message with type 'FromEsp32' (File: proto_serial_client, Line: 127, Function: listen)
2025-09-28 23:54:50,783 - ERROR - Unhandled listener exception: Error parsing message with type 'FromEsp32' (File: proto_serial_client, Line: 127, Function: listen)
2025-09-28 23:54:50,951 - INFO - samples: +2/s, lost_total=1914, dup_total=0, resets=0
2025-09-28 23:54:51,462 - ERROR - Unhandled listener exception: Error parsing message with type 'FromEsp32' (File: proto_serial_client, Line: 127, Function: listen)
2025-09-28 23:54:51,519 - ERROR - Unhandled listener exception: Error parsing message with type 'FromEsp32' (File: proto_serial_client, Line: 127, Function: listen)
2025-09-28 23:54:51,940 - ERROR - Unhandled listener exception: Error parsing message with type 'FromEsp32' (File: proto_serial_client, Line: 127, Function: listen)
2025-09-28 23:54:52,558 - ERROR - Unhandled listener exception: Error parsing message with type 'FromEsp32' (File: proto_serial_client, Line: 127, Function: listen)
2025-09-28 23:54:52,696 - ERROR - Unhandled listener exception: Error parsing message with type 'FromEsp32' (File: proto_serial_client, Line: 127, Function: listen)
2025-09-28 23:54:53,037 - ERROR - Unhandled listener exception: Error parsing message with type 'FromEsp32' (File: proto_serial_client, Line: 127, Function: listen)
2025-09-28 23:54:53,082 - ERROR - Unhandled listener exception: Error parsing message with type 'FromEsp32' (File: proto_serial_client, Line: 127, Function: listen)
2025-09-28 23:54:53,358 - ERROR - Unhandled listener exception: Error parsing message with type 'FromEsp32' (File: proto_serial_client, Line: 127, Function: listen)
2025-09-28 23:54:53,870 - ERROR - Unhandled listener exception: Error parsing message with type 'FromEsp32' (File: proto_serial_client, Line: 127, Function: listen)
2025-09-28 23:54:54,215 - ERROR - Unhandled listener exception: Error parsing message with type 'FromEsp32' (File: proto_serial_client, Line: 127, Function: listen)
2025-09-28 23:54:54,305 - ERROR - Unhandled listener exception: Error parsing message with type 'FromEsp32' (File: proto_serial_client, Line: 127, Function: listen)
2025-09-28 23:54:54,494 - ERROR - Unhandled listener exception: Error parsing message with type 'FromEsp32' (File: proto_serial_client, Line: 127, Function: listen)
2025-09-28 23:54:54,923 - ERROR - Unhandled listener exception: Error parsing message with type 'FromEsp32' (File: proto_serial_client, Line: 127, Function: listen)
2025-09-28 23:54:55,111 - ERROR - Unhandled listener exception: Error parsing message with type 'FromEsp32' (File: proto_serial_client, Line: 127, Function: listen)
2025-09-28 23:54:55,146 - ERROR - Unhandled listener exception: Error parsing message with type 'FromEsp32' (File: proto_serial_client, Line: 127, Function: listen)
2025-09-28 23:54:55,259 - ERROR - Unhandled listener exception: Error parsing message with type 'FromEsp32' (File: proto_serial_client, Line: 127, Function: listen)
2025-09-28 23:54:55,878 - ERROR - Unhandled listener exception: Error parsing message with type 'FromEsp32' (File: proto_serial_client, Line: 127, Function: listen)
2025-09-28 23:54:55,956 - ERROR - Unhandled listener exception: Error parsing message with type 'FromEsp32' (File: proto_serial_client, Line: 127, Function: listen)
2025-09-28 23:54:55,991 - ERROR - Unhandled listener exception: Error parsing message with type 'FromEsp32' (File: proto_serial_client, Line: 127, Function: listen)
2025-09-28 23:54:56,191 - ERROR - Unhandled listener exception: Error parsing message with type 'FromEsp32' (File: proto_serial_client, Line: 127, Function: listen)
2025-09-28 23:54:56,393 - ERROR - Unhandled listener exception: Error parsing message with type 'FromEsp32' (File: proto_serial_client, Line: 127, Function: listen)
2025-09-28 23:54:56,419 - ERROR - Unhandled listener exception: Error parsing message with type 'FromEsp32' (File: proto_serial_client, Line: 127, Function: listen)
2025-09-28 23:54:56,640 - ERROR - Unhandled listener exception: Error parsing message with type 'FromEsp32' (File: proto_serial_client, Line: 127, Function: listen)
2025-09-28 23:54:56,664 - ERROR - Unhandled listener exception: Error parsing message with type 'FromEsp32' (File: proto_serial_client, Line: 127, Function: listen)
2025-09-28 23:54:56,876 - ERROR - Unhandled listener exception: Error parsing message with type 'FromEsp32' (File: proto_serial_client, Line: 127, Function: listen)
2025-09-28 23:54:57,120 - ERROR - Unhandled listener exception: Error parsing message with type 'FromEsp32' (File: proto_serial_client, Line: 127, Function: listen)
2025-09-28 23:54:57,178 - ERROR - Unhandled listener exception: Error parsing message with type 'FromEsp32' (File: proto_serial_client, Line: 127, Function: listen)
2025-09-28 23:54:57,256 - ERROR - Unhandled listener exception: Error parsing message with type 'FromEsp32' (File: proto_serial_client, Line: 127, Function: listen)
2025-09-28 23:54:57,722 - ERROR - Unhandled listener exception: Error parsing message with type 'FromEsp32' (File: proto_serial_client, Line: 127, Function: listen)
2025-09-28 23:54:57,789 - ERROR - Unhandled listener exception: Error parsing message with type 'FromEsp32' (File: proto_serial_client, Line: 127, Function: listen)
2025-09-28 23:54:58,296 - ERROR - Unhandled listener exception: Error parsing message with type 'FromEsp32' (File: proto_serial_client, Line: 127, Function: listen)
2025-09-28 23:54:58,374 - ERROR - Unhandled listener exception: Error parsing message with type 'FromEsp32' (File: proto_serial_client, Line: 127, Function: listen)
2025-09-28 23:54:58,597 - ERROR - Unhandled listener exception: Error parsing message with type 'FromEsp32' (File: proto_serial_client, Line: 127, Function: listen)
2025-09-28 23:54:58,698 - ERROR - Unhandled listener exception: Error parsing message with type 'FromEsp32' (File: proto_serial_client, Line: 127, Function: listen)
2025-09-28 23:54:58,810 - INFO - samples: +1/s, lost_total=2811, dup_total=0, resets=0
2025-09-28 23:54:58,825 - ERROR - Unhandled listener exception: Error parsing message with type 'FromEsp32' (File: proto_serial_client, Line: 127, Function: listen)
2025-09-28 23:54:59,201 - ERROR - Unhandled listener exception: Error parsing message with type 'FromEsp32' (File: proto_serial_client, Line: 127, Function: listen)
2025-09-28 23:54:59,493 - ERROR - Unhandled listener exception: Error parsing message with type 'FromEsp32' (File: proto_serial_client, Line: 127, Function: listen)
2025-09-28 23:54:59,606 - ERROR - Unhandled listener exception: Error parsing message with type 'FromEsp32' (File: proto_serial_client, Line: 127, Function: listen)
2025-09-28 23:54:59,817 - ERROR - Unhandled listener exception: Error parsing message with type 'FromEsp32' (File: proto_serial_client, Line: 127, Function: listen)
2025-09-28 23:55:00,551 - ERROR - Unhandled listener exception: Error parsing message with type 'FromEsp32' (File: proto_serial_client, Line: 127, Function: listen)
2025-09-28 23:55:00,697 - ERROR - Unhandled listener exception: Error parsing message with type 'FromEsp32' (File: proto_serial_client, Line: 127, Function: listen)
2025-09-28 23:55:00,962 - ERROR - Unhandled listener exception: Error parsing message with type 'FromEsp32' (File: proto_serial_client, Line: 127, Function: listen)
2025-09-28 23:55:01,339 - ERROR - Unhandled listener exception: Error parsing message with type 'FromEsp32' (File: proto_serial_client, Line: 127, Function: listen)
2025-09-28 23:55:01,675 - ERROR - Unhandled listener exception: Error parsing message with type 'FromEsp32' (File: proto_serial_client, Line: 127, Function: listen)
2025-09-28 23:55:01,923 - ERROR - Unhandled listener exception: Error parsing message with type 'FromEsp32' (File: proto_serial_client, Line: 127, Function: listen)
2025-09-28 23:55:02,034 - ERROR - Unhandled listener exception: Error parsing message with type 'FromEsp32' (File: proto_serial_client, Line: 127, Function: listen)
2025-09-28 23:55:02,280 - ERROR - Unhandled listener exception: Error parsing message with type 'FromEsp32' (File: proto_serial_client, Line: 127, Function: listen)
2025-09-28 23:55:02,811 - ERROR - Unhandled listener exception: Error parsing message with type 'FromEsp32' (File: proto_serial_client, Line: 127, Function: listen)
2025-09-28 23:55:03,231 - ERROR - Unhandled listener exception: Error parsing message with type 'FromEsp32' (File: proto_serial_client, Line: 127, Function: listen)
2025-09-28 23:55:03,344 - ERROR - Unhandled listener exception: Error parsing message with type 'FromEsp32' (File: proto_serial_client, Line: 127, Function: listen)
2025-09-28 23:55:03,971 - ERROR - Unhandled listener exception: Error parsing message with type 'FromEsp32' (File: proto_serial_client, Line: 127, Function: listen)
2025-09-28 23:55:04,039 - ERROR - Unhandled listener exception: Error parsing message with type 'FromEsp32' (File: proto_serial_client, Line: 127, Function: listen)
2025-09-28 23:55:04,088 - ERROR - Unhandled listener exception: Error parsing message with type 'FromEsp32' (File: proto_serial_client, Line: 127, Function: listen)
2025-09-28 23:55:04,353 - ERROR - Unhandled listener exception: Error parsing message with type 'FromEsp32' (File: proto_serial_client, Line: 127, Function: listen)
2025-09-28 23:55:04,465 - ERROR - Unhandled listener exception: Error parsing message with type 'FromEsp32' (File: proto_serial_client, Line: 127, Function: listen)
2025-09-28 23:55:04,654 - ERROR - Unhandled listener exception: Error parsing message with type 'FromEsp32' (File: proto_serial_client, Line: 127, Function: listen)
2025-09-28 23:55:04,823 - ERROR - Unhandled listener exception: Error parsing message with type 'FromEsp32' (File: proto_serial_client, Line: 127, Function: listen)
2025-09-28 23:55:05,070 - ERROR - Unhandled listener exception: Error parsing message with type 'FromEsp32' (File: proto_serial_client, Line: 127, Function: listen)
2025-09-28 23:55:05,129 - ERROR - Unhandled listener exception: Error parsing message with type 'FromEsp32' (File: proto_serial_client, Line: 127, Function: listen)
2025-09-28 23:55:05,482 - ERROR - Unhandled listener exception: Error parsing message with type 'FromEsp32' (File: proto_serial_client, Line: 127, Function: listen)
2025-09-28 23:55:05,595 - ERROR - Unhandled listener exception: Error parsing message with type 'FromEsp32' (File: proto_serial_client, Line: 127, Function: listen)
2025-09-28 23:55:05,949 - ERROR - Unhandled listener exception: Error parsing message with type 'FromEsp32' (File: proto_serial_client, Line: 127, Function: listen)
2025-09-28 23:55:06,190 - ERROR - Unhandled listener exception: Error parsing message with type 'FromEsp32' (File: proto_serial_client, Line: 127, Function: listen)
2025-09-28 23:55:06,425 - ERROR - Unhandled listener exception: Error parsing message with type 'FromEsp32' (File: proto_serial_client, Line: 127, Function: listen)
2025-09-28 23:55:06,604 - ERROR - Unhandled listener exception: Error parsing message with type 'FromEsp32' (File: proto_serial_client, Line: 127, Function: listen)
2025-09-28 23:55:06,627 - INFO - samples: +1/s, lost_total=3711, dup_total=0, resets=0
2025-09-28 23:55:06,774 - ERROR - Unhandled listener exception: Error parsing message with type 'FromEsp32' (File: proto_serial_client, Line: 127, Function: listen)
2025-09-28 23:55:06,879 - ERROR - Unhandled listener exception: Error parsing message with type 'FromEsp32' (File: proto_serial_client, Line: 127, Function: listen)
2025-09-28 23:55:06,904 - ERROR - Unhandled listener exception: Error parsing message with type 'FromEsp32' (File: proto_serial_client, Line: 127, Function: listen)
2025-09-28 23:55:07,148 - ERROR - Unhandled listener exception: Error parsing message with type 'FromEsp32' (File: proto_serial_client, Line: 127, Function: listen)
2025-09-28 23:55:07,216 - ERROR - Unhandled listener exception: Error parsing message with type 'FromEsp32' (File: proto_serial_client, Line: 127, Function: listen)
2025-09-28 23:55:07,673 - ERROR - Unhandled listener exception: Error parsing message with type 'FromEsp32' (File: proto_serial_client, Line: 127, Function: listen)
2025-09-28 23:55:07,920 - ERROR - Unhandled listener exception: Error parsing message with type 'FromEsp32' (File: proto_serial_client, Line: 127, Function: listen)
2025-09-28 23:55:08,099 - INFO - samples: +1/s, lost_total=3942, dup_total=0, resets=0
2025-09-28 23:55:08,310 - ERROR - Unhandled listener exception: Error parsing message with type 'FromEsp32' (File: proto_serial_client, Line: 127, Function: listen)
2025-09-28 23:55:08,402 - ERROR - Unhandled listener exception: Error parsing message with type 'FromEsp32' (File: proto_serial_client, Line: 127, Function: listen)
2025-09-28 23:55:08,493 - ERROR - Unhandled listener exception: Error parsing message with type 'FromEsp32' (File: proto_serial_client, Line: 127, Function: listen)
2025-09-28 23:55:08,505 - ERROR - Unhandled listener exception: Error parsing message with type 'FromEsp32' (File: proto_serial_client, Line: 127, Function: listen)
2025-09-28 23:55:08,618 - ERROR - Unhandled listener exception: Error parsing message with type 'FromEsp32' (File: proto_serial_client, Line: 127, Function: listen)
2025-09-28 23:55:09,083 - ERROR - Unhandled listener exception: Error parsing message with type 'FromEsp32' (File: proto_serial_client, Line: 127, Function: listen)
2025-09-28 23:55:09,197 - ERROR - Unhandled listener exception: Error parsing message with type 'FromEsp32' (File: proto_serial_client, Line: 127, Function: listen)
2025-09-28 23:55:09,332 - ERROR - Unhandled listener exception: Error parsing message with type 'FromEsp32' (File: proto_serial_client, Line: 127, Function: listen)
2025-09-28 23:55:09,467 - ERROR - Unhandled listener exception: Error parsing message with type 'FromEsp32' (File: proto_serial_client, Line: 127, Function: listen)
2025-09-28 23:55:09,590 - ERROR - Unhandled listener exception: Error parsing message with type 'FromEsp32' (File: proto_serial_client, Line: 127, Function: listen)
2025-09-28 23:55:09,649 - ERROR - Unhandled listener exception: Error parsing message with type 'FromEsp32' (File: proto_serial_client, Line: 127, Function: listen)
2025-09-28 23:55:09,663 - ERROR - Unhandled listener exception: Error parsing message with type 'FromEsp32' (File: proto_serial_client, Line: 127, Function: listen)
2025-09-28 23:55:09,779 - ERROR - Unhandled listener exception: Error parsing message with type 'FromEsp32' (File: proto_serial_client, Line: 127, Function: listen)
2025-09-28 23:55:10,181 - ERROR - Unhandled listener exception: Error parsing message with type 'FromEsp32' (File: proto_serial_client, Line: 127, Function: listen)
2025-09-28 23:55:10,648 - ERROR - Unhandled listener exception: Error parsing message with type 'FromEsp32' (File: proto_serial_client, Line: 127, Function: listen)
2025-09-28 23:55:10,715 - ERROR - Unhandled listener exception: Error parsing message with type 'FromEsp32' (File: proto_serial_client, Line: 127, Function: listen)
2025-09-28 23:55:10,937 - ERROR - Unhandled listener exception: Error parsing message with type 'FromEsp32' (File: proto_serial_client, Line: 127, Function: listen)
2025-09-28 23:55:11,140 - ERROR - Unhandled listener exception: Error parsing message with type 'FromEsp32' (File: proto_serial_client, Line: 127, Function: listen)
2025-09-28 23:55:11,629 - INFO - samples: +1/s, lost_total=4397, dup_total=0, resets=0
2025-09-28 23:55:11,795 - ERROR - Unhandled listener exception: Error parsing message with type 'FromEsp32' (File: proto_serial_client, Line: 127, Function: listen)
2025-09-28 23:55:11,863 - ERROR - Unhandled listener exception: Error parsing message with type 'FromEsp32' (File: proto_serial_client, Line: 127, Function: listen)
2025-09-28 23:55:12,020 - ERROR - Unhandled listener exception: Error parsing message with type 'FromEsp32' (File: proto_serial_client, Line: 127, Function: listen)
2025-09-28 23:55:12,089 - ERROR - Unhandled listener exception: Error parsing message with type 'FromEsp32' (File: proto_serial_client, Line: 127, Function: listen)
2025-09-28 23:55:12,126 - INFO - Link closed
2025-09-28 23:55:12,269 - WARNING - Listener stopped or stop requested (File: proto_connection, Line: 72, Function: _loop)
2025-09-28 23:55:12,269 - INFO - Programm beendet
2025-09-29 00:01:51,280 - INFO - ProtoSerialClient created for COM4 @ 230400
2025-09-29 00:01:51,288 - WARNING - Ping after reconnect failed: No client bound to runtime (File: proto_connection, Line: 53, Function: _on_up)
2025-09-29 00:01:51,288 - INFO - Listener started
2025-09-29 00:01:51,409 - ERROR - Unhandled listener exception: Error parsing message with type 'FromEsp32' (File: proto_serial_client, Line: 127, Function: listen)
2025-09-29 00:01:51,666 - ERROR - Unhandled listener exception: Error parsing message with type 'FromEsp32' (File: proto_serial_client, Line: 127, Function: listen)
2025-09-29 00:01:52,439 - ERROR - Unhandled listener exception: Error parsing message with type 'FromEsp32' (File: proto_serial_client, Line: 127, Function: listen)
2025-09-29 00:01:52,484 - ERROR - Unhandled listener exception: Error parsing message with type 'FromEsp32' (File: proto_serial_client, Line: 127, Function: listen)
2025-09-29 00:01:52,575 - ERROR - Unhandled listener exception: Error parsing message with type 'FromEsp32' (File: proto_serial_client, Line: 127, Function: listen)
2025-09-29 00:01:52,653 - ERROR - Unhandled listener exception: Error parsing message with type 'FromEsp32' (File: proto_serial_client, Line: 127, Function: listen)
2025-09-29 00:01:52,857 - INFO - samples: +1/s, lost_total=0, dup_total=0, resets=0
2025-09-29 00:01:53,856 - INFO - samples: +82/s, lost_total=0, dup_total=0, resets=0
2025-09-29 00:01:54,853 - INFO - samples: +81/s, lost_total=0, dup_total=0, resets=0
2025-09-29 00:01:55,859 - INFO - samples: +82/s, lost_total=0, dup_total=0, resets=0
2025-09-29 00:01:56,861 - INFO - samples: +82/s, lost_total=0, dup_total=0, resets=0
2025-09-29 00:01:57,859 - INFO - samples: +82/s, lost_total=0, dup_total=0, resets=0
2025-09-29 00:01:58,860 - INFO - samples: +82/s, lost_total=0, dup_total=0, resets=0
2025-09-29 00:01:59,854 - INFO - samples: +81/s, lost_total=0, dup_total=0, resets=0
2025-09-29 00:02:00,861 - INFO - samples: +82/s, lost_total=0, dup_total=0, resets=0
2025-09-29 00:02:01,857 - INFO - samples: +82/s, lost_total=0, dup_total=0, resets=0
2025-09-29 00:02:02,852 - INFO - samples: +81/s, lost_total=0, dup_total=0, resets=0
2025-09-29 00:02:03,861 - INFO - samples: +83/s, lost_total=0, dup_total=0, resets=0
2025-09-29 00:02:04,231 - INFO - Link closed
2025-09-29 00:02:04,312 - WARNING - Listener stopped or stop requested (File: proto_connection, Line: 72, Function: _loop)
2025-09-29 00:02:04,312 - INFO - Programm beendet
2025-09-29 00:02:04,313 - CRITICAL - Unbehandelte Ausnahme (File: log, Line: 22, Function: handle_exception)
Traceback (most recent call last):
  File "c:\Users\rodi9\Dropbox\InstitutGR\HESS4MRA\Testing\CapRig1Repo\protobuf_docker\workspace\pythonProject\main.py", line 57, in <module>
    main()
  File "c:\Users\rodi9\Dropbox\InstitutGR\HESS4MRA\Testing\CapRig1Repo\protobuf_docker\workspace\pythonProject\main.py", line 25, in main
    runtime.get_settings()
  File "c:\Users\rodi9\Dropbox\InstitutGR\HESS4MRA\Testing\CapRig1Repo\protobuf_docker\workspace\pythonProject\proto_runtime.py", line 254, in get_settings
    raise RuntimeError("No client bound to runtime")
RuntimeError: No client bound to runtime
2025-09-29 00:02:57,383 - INFO - ProtoSerialClient created for COM4 @ 230400
2025-09-29 00:02:57,387 - WARNING - Ping after reconnect failed: No client bound to runtime (File: proto_connection, Line: 53, Function: _on_up)
2025-09-29 00:02:57,388 - INFO - Listener started
2025-09-29 00:02:58,292 - INFO - samples: +74/s, lost_total=0, dup_total=0, resets=0
2025-09-29 00:02:59,295 - INFO - samples: +82/s, lost_total=0, dup_total=0, resets=0
2025-09-29 00:02:59,504 - INFO - Link closed
2025-09-29 00:02:59,595 - WARNING - Listener stopped or stop requested (File: proto_connection, Line: 72, Function: _loop)
2025-09-29 00:02:59,595 - INFO - Programm beendet
2025-09-29 00:02:59,596 - CRITICAL - Unbehandelte Ausnahme (File: log, Line: 22, Function: handle_exception)
Traceback (most recent call last):
  File "c:\Users\rodi9\Dropbox\InstitutGR\HESS4MRA\Testing\CapRig1Repo\protobuf_docker\workspace\pythonProject\main.py", line 57, in <module>
    main()
  File "c:\Users\rodi9\Dropbox\InstitutGR\HESS4MRA\Testing\CapRig1Repo\protobuf_docker\workspace\pythonProject\main.py", line 20, in main
    runtime.ping()
  File "c:\Users\rodi9\Dropbox\InstitutGR\HESS4MRA\Testing\CapRig1Repo\protobuf_docker\workspace\pythonProject\proto_runtime.py", line 240, in ping
    raise RuntimeError("No client bound to runtime")
RuntimeError: No client bound to runtime
2025-09-29 00:03:00,951 - INFO - ProtoSerialClient created for COM4 @ 230400
2025-09-29 00:03:00,955 - WARNING - Ping after reconnect failed: No client bound to runtime (File: proto_connection, Line: 53, Function: _on_up)
2025-09-29 00:03:00,955 - INFO - Listener started
2025-09-29 00:03:01,931 - INFO - samples: +65/s, lost_total=0, dup_total=0, resets=0
2025-09-29 00:03:01,971 - INFO - Link closed
2025-09-29 00:03:02,159 - WARNING - Listener stopped or stop requested (File: proto_connection, Line: 72, Function: _loop)
2025-09-29 00:03:02,159 - INFO - Programm beendet
2025-09-29 00:03:02,160 - CRITICAL - Unbehandelte Ausnahme (File: log, Line: 22, Function: handle_exception)
Traceback (most recent call last):
  File "c:\Users\rodi9\Dropbox\InstitutGR\HESS4MRA\Testing\CapRig1Repo\protobuf_docker\workspace\pythonProject\main.py", line 57, in <module>
    main()
  File "c:\Users\rodi9\Dropbox\InstitutGR\HESS4MRA\Testing\CapRig1Repo\protobuf_docker\workspace\pythonProject\main.py", line 25, in main
    runtime.get_settings()
  File "c:\Users\rodi9\Dropbox\InstitutGR\HESS4MRA\Testing\CapRig1Repo\protobuf_docker\workspace\pythonProject\proto_runtime.py", line 254, in get_settings
    raise RuntimeError("No client bound to runtime")
RuntimeError: No client bound to runtime
2025-09-29 00:14:26,730 - INFO - ProtoSerialClient created for COM4 @ 230400
2025-09-29 00:14:26,738 - WARNING - Ping after reconnect failed: No client bound to runtime (File: proto_connection, Line: 56, Function: _on_up)
2025-09-29 00:14:26,739 - INFO - Listener started
2025-09-29 00:14:26,743 - WARNING - keepalive ping failed: No client bound to runtime (File: proto_connection, Line: 81, Function: _loop)
2025-09-29 00:14:29,749 - WARNING - keepalive ping failed: No client bound to runtime (File: proto_connection, Line: 81, Function: _loop)
2025-09-29 00:14:32,754 - WARNING - keepalive ping failed: No client bound to runtime (File: proto_connection, Line: 81, Function: _loop)
2025-09-29 00:14:35,321 - ERROR - Command error: No client bound to runtime (File: gui_main, Line: 124, Function: _wrap)
2025-09-29 00:14:35,760 - WARNING - keepalive ping failed: No client bound to runtime (File: proto_connection, Line: 81, Function: _loop)
2025-09-29 00:14:38,766 - WARNING - keepalive ping failed: No client bound to runtime (File: proto_connection, Line: 81, Function: _loop)
2025-09-29 00:14:41,772 - WARNING - keepalive ping failed: No client bound to runtime (File: proto_connection, Line: 81, Function: _loop)
2025-09-29 00:14:44,778 - WARNING - keepalive ping failed: No client bound to runtime (File: proto_connection, Line: 81, Function: _loop)
2025-09-29 00:14:47,784 - WARNING - keepalive ping failed: No client bound to runtime (File: proto_connection, Line: 81, Function: _loop)
2025-09-29 00:14:48,633 - ERROR - Command error: No client bound to runtime (File: gui_main, Line: 124, Function: _wrap)
2025-09-29 00:14:49,729 - ERROR - Command error: No client bound to runtime (File: gui_main, Line: 124, Function: _wrap)
2025-09-29 00:14:50,378 - ERROR - Command error: No client bound to runtime (File: gui_main, Line: 124, Function: _wrap)
2025-09-29 00:14:50,789 - WARNING - keepalive ping failed: No client bound to runtime (File: proto_connection, Line: 81, Function: _loop)
2025-09-29 00:14:51,554 - ERROR - Command error: No client bound to runtime (File: gui_main, Line: 124, Function: _wrap)
2025-09-29 00:14:53,794 - WARNING - keepalive ping failed: No client bound to runtime (File: proto_connection, Line: 81, Function: _loop)
2025-09-29 00:14:56,800 - WARNING - keepalive ping failed: No client bound to runtime (File: proto_connection, Line: 81, Function: _loop)
2025-09-29 00:14:58,081 - ERROR - Command error: No client bound to runtime (File: gui_main, Line: 124, Function: _wrap)
2025-09-29 00:14:59,804 - WARNING - keepalive ping failed: No client bound to runtime (File: proto_connection, Line: 81, Function: _loop)
2025-09-29 00:15:02,809 - WARNING - keepalive ping failed: No client bound to runtime (File: proto_connection, Line: 81, Function: _loop)
2025-09-29 00:15:05,815 - WARNING - keepalive ping failed: No client bound to runtime (File: proto_connection, Line: 81, Function: _loop)
2025-09-29 00:15:08,058 - ERROR - Command error: No client bound to runtime (File: gui_main, Line: 124, Function: _wrap)
2025-09-29 00:15:08,820 - WARNING - keepalive ping failed: No client bound to runtime (File: proto_connection, Line: 81, Function: _loop)
2025-09-29 00:15:11,825 - WARNING - keepalive ping failed: No client bound to runtime (File: proto_connection, Line: 81, Function: _loop)
2025-09-29 00:15:14,831 - WARNING - keepalive ping failed: No client bound to runtime (File: proto_connection, Line: 81, Function: _loop)
2025-09-29 00:15:17,838 - WARNING - keepalive ping failed: No client bound to runtime (File: proto_connection, Line: 81, Function: _loop)
2025-09-29 00:15:20,844 - WARNING - keepalive ping failed: No client bound to runtime (File: proto_connection, Line: 81, Function: _loop)
2025-09-29 00:15:23,850 - WARNING - keepalive ping failed: No client bound to runtime (File: proto_connection, Line: 81, Function: _loop)
2025-09-29 00:15:26,857 - WARNING - keepalive ping failed: No client bound to runtime (File: proto_connection, Line: 81, Function: _loop)
2025-09-29 00:15:29,864 - WARNING - keepalive ping failed: No client bound to runtime (File: proto_connection, Line: 81, Function: _loop)
2025-09-29 00:15:32,869 - WARNING - keepalive ping failed: No client bound to runtime (File: proto_connection, Line: 81, Function: _loop)
2025-09-29 00:15:35,874 - WARNING - keepalive ping failed: No client bound to runtime (File: proto_connection, Line: 81, Function: _loop)
2025-09-29 00:15:38,880 - WARNING - keepalive ping failed: No client bound to runtime (File: proto_connection, Line: 81, Function: _loop)
2025-09-29 00:15:41,885 - WARNING - keepalive ping failed: No client bound to runtime (File: proto_connection, Line: 81, Function: _loop)
2025-09-29 00:15:44,891 - WARNING - keepalive ping failed: No client bound to runtime (File: proto_connection, Line: 81, Function: _loop)
2025-09-29 00:15:47,897 - WARNING - keepalive ping failed: No client bound to runtime (File: proto_connection, Line: 81, Function: _loop)
2025-09-29 00:15:50,902 - WARNING - keepalive ping failed: No client bound to runtime (File: proto_connection, Line: 81, Function: _loop)
2025-09-29 00:15:53,909 - WARNING - keepalive ping failed: No client bound to runtime (File: proto_connection, Line: 81, Function: _loop)
2025-09-29 00:15:56,915 - WARNING - keepalive ping failed: No client bound to runtime (File: proto_connection, Line: 81, Function: _loop)
2025-09-29 00:15:59,921 - WARNING - keepalive ping failed: No client bound to runtime (File: proto_connection, Line: 81, Function: _loop)
2025-09-29 00:16:02,926 - WARNING - keepalive ping failed: No client bound to runtime (File: proto_connection, Line: 81, Function: _loop)
2025-09-29 00:16:05,932 - WARNING - keepalive ping failed: No client bound to runtime (File: proto_connection, Line: 81, Function: _loop)
2025-09-29 00:16:08,938 - WARNING - keepalive ping failed: No client bound to runtime (File: proto_connection, Line: 81, Function: _loop)
2025-09-29 00:16:11,944 - WARNING - keepalive ping failed: No client bound to runtime (File: proto_connection, Line: 81, Function: _loop)
2025-09-29 00:16:14,949 - WARNING - keepalive ping failed: No client bound to runtime (File: proto_connection, Line: 81, Function: _loop)
2025-09-29 00:16:17,955 - WARNING - keepalive ping failed: No client bound to runtime (File: proto_connection, Line: 81, Function: _loop)
2025-09-29 00:16:20,961 - WARNING - keepalive ping failed: No client bound to runtime (File: proto_connection, Line: 81, Function: _loop)
2025-09-29 00:16:23,967 - WARNING - keepalive ping failed: No client bound to runtime (File: proto_connection, Line: 81, Function: _loop)
2025-09-29 00:16:26,972 - WARNING - keepalive ping failed: No client bound to runtime (File: proto_connection, Line: 81, Function: _loop)
2025-09-29 00:16:29,979 - WARNING - keepalive ping failed: No client bound to runtime (File: proto_connection, Line: 81, Function: _loop)
2025-09-29 00:16:32,986 - WARNING - keepalive ping failed: No client bound to runtime (File: proto_connection, Line: 81, Function: _loop)
2025-09-29 00:16:35,990 - WARNING - keepalive ping failed: No client bound to runtime (File: proto_connection, Line: 81, Function: _loop)
2025-09-29 00:16:38,997 - WARNING - keepalive ping failed: No client bound to runtime (File: proto_connection, Line: 81, Function: _loop)
2025-09-29 00:16:42,002 - WARNING - keepalive ping failed: No client bound to runtime (File: proto_connection, Line: 81, Function: _loop)
2025-09-29 00:16:45,008 - WARNING - keepalive ping failed: No client bound to runtime (File: proto_connection, Line: 81, Function: _loop)
2025-09-29 00:16:48,012 - WARNING - keepalive ping failed: No client bound to runtime (File: proto_connection, Line: 81, Function: _loop)
2025-09-29 00:16:51,018 - WARNING - keepalive ping failed: No client bound to runtime (File: proto_connection, Line: 81, Function: _loop)
2025-09-29 00:16:54,025 - WARNING - keepalive ping failed: No client bound to runtime (File: proto_connection, Line: 81, Function: _loop)
2025-09-29 00:16:57,030 - WARNING - keepalive ping failed: No client bound to runtime (File: proto_connection, Line: 81, Function: _loop)
2025-09-29 00:17:00,035 - WARNING - keepalive ping failed: No client bound to runtime (File: proto_connection, Line: 81, Function: _loop)
2025-09-29 00:17:03,040 - WARNING - keepalive ping failed: No client bound to runtime (File: proto_connection, Line: 81, Function: _loop)
2025-09-29 00:17:06,046 - WARNING - keepalive ping failed: No client bound to runtime (File: proto_connection, Line: 81, Function: _loop)
2025-09-29 00:17:09,052 - WARNING - keepalive ping failed: No client bound to runtime (File: proto_connection, Line: 81, Function: _loop)
2025-09-29 00:17:12,057 - WARNING - keepalive ping failed: No client bound to runtime (File: proto_connection, Line: 81, Function: _loop)
2025-09-29 00:17:15,064 - WARNING - keepalive ping failed: No client bound to runtime (File: proto_connection, Line: 81, Function: _loop)
2025-09-29 00:17:18,070 - WARNING - keepalive ping failed: No client bound to runtime (File: proto_connection, Line: 81, Function: _loop)
2025-09-29 00:17:21,076 - WARNING - keepalive ping failed: No client bound to runtime (File: proto_connection, Line: 81, Function: _loop)
2025-09-29 00:17:24,081 - WARNING - keepalive ping failed: No client bound to runtime (File: proto_connection, Line: 81, Function: _loop)
2025-09-29 00:17:27,085 - WARNING - keepalive ping failed: No client bound to runtime (File: proto_connection, Line: 81, Function: _loop)
2025-09-29 00:17:30,090 - WARNING - keepalive ping failed: No client bound to runtime (File: proto_connection, Line: 81, Function: _loop)
2025-09-29 00:17:33,096 - WARNING - keepalive ping failed: No client bound to runtime (File: proto_connection, Line: 81, Function: _loop)
2025-09-29 00:17:36,101 - WARNING - keepalive ping failed: No client bound to runtime (File: proto_connection, Line: 81, Function: _loop)
2025-09-29 00:17:39,107 - WARNING - keepalive ping failed: No client bound to runtime (File: proto_connection, Line: 81, Function: _loop)
2025-09-29 00:17:42,113 - WARNING - keepalive ping failed: No client bound to runtime (File: proto_connection, Line: 81, Function: _loop)
2025-09-29 00:17:45,118 - WARNING - keepalive ping failed: No client bound to runtime (File: proto_connection, Line: 81, Function: _loop)
2025-09-29 00:17:48,125 - WARNING - keepalive ping failed: No client bound to runtime (File: proto_connection, Line: 81, Function: _loop)
2025-09-29 00:17:51,130 - WARNING - keepalive ping failed: No client bound to runtime (File: proto_connection, Line: 81, Function: _loop)
2025-09-29 00:17:54,135 - WARNING - keepalive ping failed: No client bound to runtime (File: proto_connection, Line: 81, Function: _loop)
2025-09-29 00:17:57,142 - WARNING - keepalive ping failed: No client bound to runtime (File: proto_connection, Line: 81, Function: _loop)
2025-09-29 00:18:00,147 - WARNING - keepalive ping failed: No client bound to runtime (File: proto_connection, Line: 81, Function: _loop)
2025-09-29 00:18:03,152 - WARNING - keepalive ping failed: No client bound to runtime (File: proto_connection, Line: 81, Function: _loop)
2025-09-29 00:18:06,157 - WARNING - keepalive ping failed: No client bound to runtime (File: proto_connection, Line: 81, Function: _loop)
2025-09-29 00:18:09,162 - WARNING - keepalive ping failed: No client bound to runtime (File: proto_connection, Line: 81, Function: _loop)
2025-09-29 00:18:12,167 - WARNING - keepalive ping failed: No client bound to runtime (File: proto_connection, Line: 81, Function: _loop)
2025-09-29 00:18:15,172 - WARNING - keepalive ping failed: No client bound to runtime (File: proto_connection, Line: 81, Function: _loop)
2025-09-29 00:18:18,178 - WARNING - keepalive ping failed: No client bound to runtime (File: proto_connection, Line: 81, Function: _loop)
2025-09-29 00:18:21,184 - WARNING - keepalive ping failed: No client bound to runtime (File: proto_connection, Line: 81, Function: _loop)
2025-09-29 00:18:24,188 - WARNING - keepalive ping failed: No client bound to runtime (File: proto_connection, Line: 81, Function: _loop)
2025-09-29 00:18:27,194 - WARNING - keepalive ping failed: No client bound to runtime (File: proto_connection, Line: 81, Function: _loop)
2025-09-29 00:18:30,199 - WARNING - keepalive ping failed: No client bound to runtime (File: proto_connection, Line: 81, Function: _loop)
2025-09-29 00:18:33,205 - WARNING - keepalive ping failed: No client bound to runtime (File: proto_connection, Line: 81, Function: _loop)
2025-09-29 00:18:36,209 - WARNING - keepalive ping failed: No client bound to runtime (File: proto_connection, Line: 81, Function: _loop)
2025-09-29 00:18:39,215 - WARNING - keepalive ping failed: No client bound to runtime (File: proto_connection, Line: 81, Function: _loop)
2025-09-29 00:18:42,222 - WARNING - keepalive ping failed: No client bound to runtime (File: proto_connection, Line: 81, Function: _loop)
2025-09-29 00:18:45,228 - WARNING - keepalive ping failed: No client bound to runtime (File: proto_connection, Line: 81, Function: _loop)
2025-09-29 00:18:48,232 - WARNING - keepalive ping failed: No client bound to runtime (File: proto_connection, Line: 81, Function: _loop)
2025-09-29 00:18:51,237 - WARNING - keepalive ping failed: No client bound to runtime (File: proto_connection, Line: 81, Function: _loop)
2025-09-29 00:18:54,244 - WARNING - keepalive ping failed: No client bound to runtime (File: proto_connection, Line: 81, Function: _loop)
2025-09-29 00:18:57,249 - WARNING - keepalive ping failed: No client bound to runtime (File: proto_connection, Line: 81, Function: _loop)
2025-09-29 00:19:00,255 - WARNING - keepalive ping failed: No client bound to runtime (File: proto_connection, Line: 81, Function: _loop)
2025-09-29 00:19:03,261 - WARNING - keepalive ping failed: No client bound to runtime (File: proto_connection, Line: 81, Function: _loop)
2025-09-29 00:19:06,268 - WARNING - keepalive ping failed: No client bound to runtime (File: proto_connection, Line: 81, Function: _loop)
2025-09-29 00:19:07,555 - WARNING - keepalive ping failed: ProtoSerialClient.send_ping() got an unexpected keyword argument 'return_seq' (File: proto_connection, Line: 133, Function: _send_keepalive)
2025-09-29 00:19:11,031 - WARNING - keepalive ping failed: ProtoSerialClient.send_ping() got an unexpected keyword argument 'return_seq' (File: proto_connection, Line: 133, Function: _send_keepalive)
2025-09-29 00:19:14,035 - WARNING - keepalive ping failed: ProtoSerialClient.send_ping() got an unexpected keyword argument 'return_seq' (File: proto_connection, Line: 133, Function: _send_keepalive)
2025-09-29 00:19:14,735 - INFO - ERROR TypeError: ProtoSerialClient.send_ping() got an unexpected keyword argument 'return_seq'
2025-09-29 00:19:17,041 - WARNING - keepalive ping failed: ProtoSerialClient.send_ping() got an unexpected keyword argument 'return_seq' (File: proto_connection, Line: 133, Function: _send_keepalive)
2025-09-29 00:19:20,047 - WARNING - keepalive ping failed: ProtoSerialClient.send_ping() got an unexpected keyword argument 'return_seq' (File: proto_connection, Line: 133, Function: _send_keepalive)
2025-09-29 00:19:21,578 - WARNING - keepalive ping failed: ProtoSerialClient.send_ping() got an unexpected keyword argument 'return_seq' (File: proto_connection, Line: 133, Function: _send_keepalive)
2025-09-29 00:19:24,584 - WARNING - keepalive ping failed: ProtoSerialClient.send_ping() got an unexpected keyword argument 'return_seq' (File: proto_connection, Line: 133, Function: _send_keepalive)
2025-09-29 00:19:25,487 - INFO - ERROR TypeError: ProtoSerialClient.send_get_settings() got an unexpected keyword argument 'return_seq'
2025-09-29 00:19:27,589 - WARNING - keepalive ping failed: ProtoSerialClient.send_ping() got an unexpected keyword argument 'return_seq' (File: proto_connection, Line: 133, Function: _send_keepalive)
2025-09-29 00:19:30,596 - WARNING - keepalive ping failed: ProtoSerialClient.send_ping() got an unexpected keyword argument 'return_seq' (File: proto_connection, Line: 133, Function: _send_keepalive)
2025-09-29 00:19:32,128 - WARNING - keepalive ping failed: ProtoSerialClient.send_ping() got an unexpected keyword argument 'return_seq' (File: proto_connection, Line: 133, Function: _send_keepalive)
2025-09-29 00:19:35,134 - WARNING - keepalive ping failed: ProtoSerialClient.send_ping() got an unexpected keyword argument 'return_seq' (File: proto_connection, Line: 133, Function: _send_keepalive)
2025-09-29 00:19:35,632 - INFO - ERROR TypeError: ProtoRuntime.set_settings() got an unexpected keyword argument 'current_signal_selection_state'
2025-09-29 00:19:38,140 - WARNING - keepalive ping failed: ProtoSerialClient.send_ping() got an unexpected keyword argument 'return_seq' (File: proto_connection, Line: 133, Function: _send_keepalive)
2025-09-29 00:19:41,146 - WARNING - keepalive ping failed: ProtoSerialClient.send_ping() got an unexpected keyword argument 'return_seq' (File: proto_connection, Line: 133, Function: _send_keepalive)
2025-09-29 00:19:42,688 - WARNING - keepalive ping failed: ProtoSerialClient.send_ping() got an unexpected keyword argument 'return_seq' (File: proto_connection, Line: 133, Function: _send_keepalive)
2025-09-29 00:19:45,693 - WARNING - keepalive ping failed: ProtoSerialClient.send_ping() got an unexpected keyword argument 'return_seq' (File: proto_connection, Line: 133, Function: _send_keepalive)
2025-09-29 00:19:48,700 - WARNING - keepalive ping failed: ProtoSerialClient.send_ping() got an unexpected keyword argument 'return_seq' (File: proto_connection, Line: 133, Function: _send_keepalive)
2025-09-29 00:19:51,704 - WARNING - keepalive ping failed: ProtoSerialClient.send_ping() got an unexpected keyword argument 'return_seq' (File: proto_connection, Line: 133, Function: _send_keepalive)
2025-09-29 00:19:53,241 - WARNING - keepalive ping failed: ProtoSerialClient.send_ping() got an unexpected keyword argument 'return_seq' (File: proto_connection, Line: 133, Function: _send_keepalive)
2025-09-29 00:19:56,246 - WARNING - keepalive ping failed: ProtoSerialClient.send_ping() got an unexpected keyword argument 'return_seq' (File: proto_connection, Line: 133, Function: _send_keepalive)
2025-09-29 00:19:59,252 - WARNING - keepalive ping failed: ProtoSerialClient.send_ping() got an unexpected keyword argument 'return_seq' (File: proto_connection, Line: 133, Function: _send_keepalive)
2025-09-29 00:20:02,257 - WARNING - keepalive ping failed: ProtoSerialClient.send_ping() got an unexpected keyword argument 'return_seq' (File: proto_connection, Line: 133, Function: _send_keepalive)
2025-09-29 00:20:03,792 - WARNING - keepalive ping failed: ProtoSerialClient.send_ping() got an unexpected keyword argument 'return_seq' (File: proto_connection, Line: 133, Function: _send_keepalive)
2025-09-29 00:20:06,797 - WARNING - keepalive ping failed: ProtoSerialClient.send_ping() got an unexpected keyword argument 'return_seq' (File: proto_connection, Line: 133, Function: _send_keepalive)
2025-09-29 00:20:09,802 - WARNING - keepalive ping failed: ProtoSerialClient.send_ping() got an unexpected keyword argument 'return_seq' (File: proto_connection, Line: 133, Function: _send_keepalive)
2025-09-29 00:20:12,806 - WARNING - keepalive ping failed: ProtoSerialClient.send_ping() got an unexpected keyword argument 'return_seq' (File: proto_connection, Line: 133, Function: _send_keepalive)
2025-09-29 00:20:14,334 - WARNING - keepalive ping failed: ProtoSerialClient.send_ping() got an unexpected keyword argument 'return_seq' (File: proto_connection, Line: 133, Function: _send_keepalive)
2025-09-29 00:20:17,341 - WARNING - keepalive ping failed: ProtoSerialClient.send_ping() got an unexpected keyword argument 'return_seq' (File: proto_connection, Line: 133, Function: _send_keepalive)
2025-09-29 00:21:49,272 - WARNING - keepalive ping failed: ProtoSerialClient.send_ping() got an unexpected keyword argument 'return_seq' (File: proto_connection, Line: 133, Function: _send_keepalive)
2025-09-29 00:21:50,899 - INFO - ERROR TypeError: ProtoSerialClient.send_ping() got an unexpected keyword argument 'return_seq'
2025-09-29 00:21:52,277 - WARNING - keepalive ping failed: ProtoSerialClient.send_ping() got an unexpected keyword argument 'return_seq' (File: proto_connection, Line: 133, Function: _send_keepalive)
2025-09-29 00:21:55,283 - WARNING - keepalive ping failed: ProtoSerialClient.send_ping() got an unexpected keyword argument 'return_seq' (File: proto_connection, Line: 133, Function: _send_keepalive)
2025-09-29 00:21:58,290 - WARNING - keepalive ping failed: ProtoSerialClient.send_ping() got an unexpected keyword argument 'return_seq' (File: proto_connection, Line: 133, Function: _send_keepalive)
2025-09-29 00:21:59,827 - WARNING - keepalive ping failed: ProtoSerialClient.send_ping() got an unexpected keyword argument 'return_seq' (File: proto_connection, Line: 133, Function: _send_keepalive)
2025-09-29 00:29:24,120 - CRITICAL - Unbehandelte Ausnahme (File: log, Line: 22, Function: handle_exception)
Traceback (most recent call last):
  File "c:\Users\rodi9\Dropbox\InstitutGR\HESS4MRA\Testing\CapRig1Repo\protobuf_docker\workspace\pythonProject\gui_main.py", line 8, in <module>
    from proto_connection import ReconnectSupervisor
  File "c:\Users\rodi9\Dropbox\InstitutGR\HESS4MRA\Testing\CapRig1Repo\protobuf_docker\workspace\pythonProject\proto_connection.py", line 10, in <module>
    from proto_runtime import ProtoRuntime
ModuleNotFoundError: No module named 'proto_runtime'
2025-09-29 01:50:14,400 - WARNING - keepalive ping failed: ProtoSerialClient.send_ping() got an unexpected keyword argument 'return_seq' (File: proto_connection, Line: 133, Function: _send_keepalive)
2025-09-29 01:50:17,409 - WARNING - keepalive ping failed: ProtoSerialClient.send_ping() got an unexpected keyword argument 'return_seq' (File: proto_connection, Line: 133, Function: _send_keepalive)
2025-09-29 01:50:20,415 - WARNING - keepalive ping failed: ProtoSerialClient.send_ping() got an unexpected keyword argument 'return_seq' (File: proto_connection, Line: 133, Function: _send_keepalive)
2025-09-29 01:50:23,421 - WARNING - keepalive ping failed: ProtoSerialClient.send_ping() got an unexpected keyword argument 'return_seq' (File: proto_connection, Line: 133, Function: _send_keepalive)
2025-09-29 01:50:24,965 - WARNING - keepalive ping failed: ProtoSerialClient.send_ping() got an unexpected keyword argument 'return_seq' (File: proto_connection, Line: 133, Function: _send_keepalive)
2025-09-29 01:50:27,972 - WARNING - keepalive ping failed: ProtoSerialClient.send_ping() got an unexpected keyword argument 'return_seq' (File: proto_connection, Line: 133, Function: _send_keepalive)
2025-09-29 01:50:30,978 - WARNING - keepalive ping failed: ProtoSerialClient.send_ping() got an unexpected keyword argument 'return_seq' (File: proto_connection, Line: 133, Function: _send_keepalive)
2025-09-29 01:50:33,984 - WARNING - keepalive ping failed: ProtoSerialClient.send_ping() got an unexpected keyword argument 'return_seq' (File: proto_connection, Line: 133, Function: _send_keepalive)
2025-09-29 01:50:35,541 - WARNING - keepalive ping failed: ProtoSerialClient.send_ping() got an unexpected keyword argument 'return_seq' (File: proto_connection, Line: 133, Function: _send_keepalive)
2025-09-29 01:50:38,547 - WARNING - keepalive ping failed: ProtoSerialClient.send_ping() got an unexpected keyword argument 'return_seq' (File: proto_connection, Line: 133, Function: _send_keepalive)
2025-09-29 01:50:41,552 - WARNING - keepalive ping failed: ProtoSerialClient.send_ping() got an unexpected keyword argument 'return_seq' (File: proto_connection, Line: 133, Function: _send_keepalive)
2025-09-29 01:50:44,556 - WARNING - keepalive ping failed: ProtoSerialClient.send_ping() got an unexpected keyword argument 'return_seq' (File: proto_connection, Line: 133, Function: _send_keepalive)
2025-09-29 01:50:46,143 - WARNING - keepalive ping failed: ProtoSerialClient.send_ping() got an unexpected keyword argument 'return_seq' (File: proto_connection, Line: 133, Function: _send_keepalive)
2025-09-29 01:50:49,148 - WARNING - keepalive ping failed: ProtoSerialClient.send_ping() got an unexpected keyword argument 'return_seq' (File: proto_connection, Line: 133, Function: _send_keepalive)
2025-09-29 01:50:52,153 - WARNING - keepalive ping failed: ProtoSerialClient.send_ping() got an unexpected keyword argument 'return_seq' (File: proto_connection, Line: 133, Function: _send_keepalive)
2025-09-29 01:50:55,158 - WARNING - keepalive ping failed: ProtoSerialClient.send_ping() got an unexpected keyword argument 'return_seq' (File: proto_connection, Line: 133, Function: _send_keepalive)
2025-09-29 01:50:56,694 - WARNING - keepalive ping failed: ProtoSerialClient.send_ping() got an unexpected keyword argument 'return_seq' (File: proto_connection, Line: 133, Function: _send_keepalive)
2025-09-29 01:50:59,671 - INFO - ERROR TypeError: ProtoSerialClient.send_ping() got an unexpected keyword argument 'return_seq'
2025-09-29 01:50:59,698 - WARNING - keepalive ping failed: ProtoSerialClient.send_ping() got an unexpected keyword argument 'return_seq' (File: proto_connection, Line: 133, Function: _send_keepalive)
2025-09-29 01:51:02,706 - WARNING - keepalive ping failed: ProtoSerialClient.send_ping() got an unexpected keyword argument 'return_seq' (File: proto_connection, Line: 133, Function: _send_keepalive)
2025-09-29 01:51:05,712 - WARNING - keepalive ping failed: ProtoSerialClient.send_ping() got an unexpected keyword argument 'return_seq' (File: proto_connection, Line: 133, Function: _send_keepalive)
2025-09-29 01:51:07,250 - WARNING - keepalive ping failed: ProtoSerialClient.send_ping() got an unexpected keyword argument 'return_seq' (File: proto_connection, Line: 133, Function: _send_keepalive)
2025-09-29 01:51:10,257 - WARNING - keepalive ping failed: ProtoSerialClient.send_ping() got an unexpected keyword argument 'return_seq' (File: proto_connection, Line: 133, Function: _send_keepalive)
2025-09-29 01:51:11,006 - INFO - ERROR TypeError: ProtoSerialClient.send_get_settings() got an unexpected keyword argument 'return_seq'
2025-09-29 01:51:12,326 - INFO - ERROR TypeError: ProtoRuntime.set_settings() got an unexpected keyword argument 'current_signal_selection_state'
2025-09-29 01:51:13,262 - WARNING - keepalive ping failed: ProtoSerialClient.send_ping() got an unexpected keyword argument 'return_seq' (File: proto_connection, Line: 133, Function: _send_keepalive)
2025-09-29 01:53:35,210 - WARNING - keepalive ping failed: ProtoSerialClient.send_ping() got an unexpected keyword argument 'return_seq' (File: proto_connection, Line: 133, Function: _send_keepalive)
2025-09-29 01:53:37,091 - INFO - ERROR TypeError: ProtoSerialClient.send_ping() got an unexpected keyword argument 'return_seq'
2025-09-29 01:53:38,216 - WARNING - keepalive ping failed: ProtoSerialClient.send_ping() got an unexpected keyword argument 'return_seq' (File: proto_connection, Line: 133, Function: _send_keepalive)
2025-09-29 01:53:41,223 - WARNING - keepalive ping failed: ProtoSerialClient.send_ping() got an unexpected keyword argument 'return_seq' (File: proto_connection, Line: 133, Function: _send_keepalive)
2025-09-29 01:53:44,229 - WARNING - keepalive ping failed: ProtoSerialClient.send_ping() got an unexpected keyword argument 'return_seq' (File: proto_connection, Line: 133, Function: _send_keepalive)
2025-09-29 01:53:45,846 - WARNING - keepalive ping failed: ProtoSerialClient.send_ping() got an unexpected keyword argument 'return_seq' (File: proto_connection, Line: 133, Function: _send_keepalive)
2025-09-29 01:53:48,851 - WARNING - keepalive ping failed: ProtoSerialClient.send_ping() got an unexpected keyword argument 'return_seq' (File: proto_connection, Line: 133, Function: _send_keepalive)
2025-09-29 01:53:51,857 - WARNING - keepalive ping failed: ProtoSerialClient.send_ping() got an unexpected keyword argument 'return_seq' (File: proto_connection, Line: 133, Function: _send_keepalive)
2025-09-29 01:53:54,863 - WARNING - keepalive ping failed: ProtoSerialClient.send_ping() got an unexpected keyword argument 'return_seq' (File: proto_connection, Line: 133, Function: _send_keepalive)
2025-09-29 01:53:56,438 - WARNING - keepalive ping failed: ProtoSerialClient.send_ping() got an unexpected keyword argument 'return_seq' (File: proto_connection, Line: 133, Function: _send_keepalive)
2025-09-29 01:53:59,444 - WARNING - keepalive ping failed: ProtoSerialClient.send_ping() got an unexpected keyword argument 'return_seq' (File: proto_connection, Line: 133, Function: _send_keepalive)
2025-09-29 01:54:02,449 - WARNING - keepalive ping failed: ProtoSerialClient.send_ping() got an unexpected keyword argument 'return_seq' (File: proto_connection, Line: 133, Function: _send_keepalive)
2025-09-29 01:54:05,455 - WARNING - keepalive ping failed: ProtoSerialClient.send_ping() got an unexpected keyword argument 'return_seq' (File: proto_connection, Line: 133, Function: _send_keepalive)
2025-09-29 01:54:06,994 - WARNING - keepalive ping failed: ProtoSerialClient.send_ping() got an unexpected keyword argument 'return_seq' (File: proto_connection, Line: 133, Function: _send_keepalive)
2025-09-29 01:54:10,001 - WARNING - keepalive ping failed: ProtoSerialClient.send_ping() got an unexpected keyword argument 'return_seq' (File: proto_connection, Line: 133, Function: _send_keepalive)
2025-09-29 01:54:13,007 - WARNING - keepalive ping failed: ProtoSerialClient.send_ping() got an unexpected keyword argument 'return_seq' (File: proto_connection, Line: 133, Function: _send_keepalive)
2025-09-29 01:54:16,013 - WARNING - keepalive ping failed: ProtoSerialClient.send_ping() got an unexpected keyword argument 'return_seq' (File: proto_connection, Line: 133, Function: _send_keepalive)
2025-09-29 01:54:17,553 - WARNING - keepalive ping failed: ProtoSerialClient.send_ping() got an unexpected keyword argument 'return_seq' (File: proto_connection, Line: 133, Function: _send_keepalive)
2025-09-29 01:54:20,558 - WARNING - keepalive ping failed: ProtoSerialClient.send_ping() got an unexpected keyword argument 'return_seq' (File: proto_connection, Line: 133, Function: _send_keepalive)
2025-09-29 01:54:23,563 - WARNING - keepalive ping failed: ProtoSerialClient.send_ping() got an unexpected keyword argument 'return_seq' (File: proto_connection, Line: 133, Function: _send_keepalive)
2025-09-29 01:54:26,568 - WARNING - keepalive ping failed: ProtoSerialClient.send_ping() got an unexpected keyword argument 'return_seq' (File: proto_connection, Line: 133, Function: _send_keepalive)
2025-09-29 01:54:28,138 - WARNING - keepalive ping failed: ProtoSerialClient.send_ping() got an unexpected keyword argument 'return_seq' (File: proto_connection, Line: 133, Function: _send_keepalive)
2025-09-29 01:54:31,144 - WARNING - keepalive ping failed: ProtoSerialClient.send_ping() got an unexpected keyword argument 'return_seq' (File: proto_connection, Line: 133, Function: _send_keepalive)
2025-09-29 01:54:34,149 - WARNING - keepalive ping failed: ProtoSerialClient.send_ping() got an unexpected keyword argument 'return_seq' (File: proto_connection, Line: 133, Function: _send_keepalive)
2025-09-29 01:54:37,154 - WARNING - keepalive ping failed: ProtoSerialClient.send_ping() got an unexpected keyword argument 'return_seq' (File: proto_connection, Line: 133, Function: _send_keepalive)
2025-09-29 01:54:38,726 - WARNING - keepalive ping failed: ProtoSerialClient.send_ping() got an unexpected keyword argument 'return_seq' (File: proto_connection, Line: 133, Function: _send_keepalive)
2025-09-29 01:54:41,732 - WARNING - keepalive ping failed: ProtoSerialClient.send_ping() got an unexpected keyword argument 'return_seq' (File: proto_connection, Line: 133, Function: _send_keepalive)
2025-09-29 01:54:44,738 - WARNING - keepalive ping failed: ProtoSerialClient.send_ping() got an unexpected keyword argument 'return_seq' (File: proto_connection, Line: 133, Function: _send_keepalive)
2025-09-29 01:54:47,743 - WARNING - keepalive ping failed: ProtoSerialClient.send_ping() got an unexpected keyword argument 'return_seq' (File: proto_connection, Line: 133, Function: _send_keepalive)
2025-09-29 01:54:49,274 - WARNING - keepalive ping failed: ProtoSerialClient.send_ping() got an unexpected keyword argument 'return_seq' (File: proto_connection, Line: 133, Function: _send_keepalive)
2025-09-29 01:54:52,280 - WARNING - keepalive ping failed: ProtoSerialClient.send_ping() got an unexpected keyword argument 'return_seq' (File: proto_connection, Line: 133, Function: _send_keepalive)
2025-09-29 01:54:55,287 - WARNING - keepalive ping failed: ProtoSerialClient.send_ping() got an unexpected keyword argument 'return_seq' (File: proto_connection, Line: 133, Function: _send_keepalive)
2025-09-29 01:54:58,293 - WARNING - keepalive ping failed: ProtoSerialClient.send_ping() got an unexpected keyword argument 'return_seq' (File: proto_connection, Line: 133, Function: _send_keepalive)
2025-09-29 01:54:59,828 - WARNING - keepalive ping failed: ProtoSerialClient.send_ping() got an unexpected keyword argument 'return_seq' (File: proto_connection, Line: 133, Function: _send_keepalive)
2025-09-29 01:55:02,834 - WARNING - keepalive ping failed: ProtoSerialClient.send_ping() got an unexpected keyword argument 'return_seq' (File: proto_connection, Line: 133, Function: _send_keepalive)
2025-09-29 01:55:05,839 - WARNING - keepalive ping failed: ProtoSerialClient.send_ping() got an unexpected keyword argument 'return_seq' (File: proto_connection, Line: 133, Function: _send_keepalive)
2025-09-29 01:55:08,846 - WARNING - keepalive ping failed: ProtoSerialClient.send_ping() got an unexpected keyword argument 'return_seq' (File: proto_connection, Line: 133, Function: _send_keepalive)
2025-09-29 01:55:10,420 - WARNING - keepalive ping failed: ProtoSerialClient.send_ping() got an unexpected keyword argument 'return_seq' (File: proto_connection, Line: 133, Function: _send_keepalive)
2025-09-29 01:55:13,426 - WARNING - keepalive ping failed: ProtoSerialClient.send_ping() got an unexpected keyword argument 'return_seq' (File: proto_connection, Line: 133, Function: _send_keepalive)
2025-09-29 01:55:16,433 - WARNING - keepalive ping failed: ProtoSerialClient.send_ping() got an unexpected keyword argument 'return_seq' (File: proto_connection, Line: 133, Function: _send_keepalive)
2025-09-29 01:55:19,438 - WARNING - keepalive ping failed: ProtoSerialClient.send_ping() got an unexpected keyword argument 'return_seq' (File: proto_connection, Line: 133, Function: _send_keepalive)
2025-09-29 01:55:20,971 - WARNING - keepalive ping failed: ProtoSerialClient.send_ping() got an unexpected keyword argument 'return_seq' (File: proto_connection, Line: 133, Function: _send_keepalive)
2025-09-29 01:55:23,978 - WARNING - keepalive ping failed: ProtoSerialClient.send_ping() got an unexpected keyword argument 'return_seq' (File: proto_connection, Line: 133, Function: _send_keepalive)
2025-09-29 01:55:26,984 - WARNING - keepalive ping failed: ProtoSerialClient.send_ping() got an unexpected keyword argument 'return_seq' (File: proto_connection, Line: 133, Function: _send_keepalive)
2025-09-29 01:55:29,989 - WARNING - keepalive ping failed: ProtoSerialClient.send_ping() got an unexpected keyword argument 'return_seq' (File: proto_connection, Line: 133, Function: _send_keepalive)
2025-09-29 01:55:31,522 - WARNING - keepalive ping failed: ProtoSerialClient.send_ping() got an unexpected keyword argument 'return_seq' (File: proto_connection, Line: 133, Function: _send_keepalive)
2025-09-29 01:55:33,317 - INFO - ERROR TypeError: ProtoSerialClient.send_get_settings() got an unexpected keyword argument 'return_seq'
2025-09-29 01:55:34,528 - WARNING - keepalive ping failed: ProtoSerialClient.send_ping() got an unexpected keyword argument 'return_seq' (File: proto_connection, Line: 133, Function: _send_keepalive)
2025-09-29 01:55:37,534 - WARNING - keepalive ping failed: ProtoSerialClient.send_ping() got an unexpected keyword argument 'return_seq' (File: proto_connection, Line: 133, Function: _send_keepalive)
2025-09-29 01:55:37,861 - INFO - ERROR TypeError: ProtoSerialClient.send_get_settings() got an unexpected keyword argument 'return_seq'
2025-09-29 01:55:40,539 - WARNING - keepalive ping failed: ProtoSerialClient.send_ping() got an unexpected keyword argument 'return_seq' (File: proto_connection, Line: 133, Function: _send_keepalive)
2025-09-29 01:55:42,079 - WARNING - keepalive ping failed: ProtoSerialClient.send_ping() got an unexpected keyword argument 'return_seq' (File: proto_connection, Line: 133, Function: _send_keepalive)
2025-09-29 01:55:45,086 - WARNING - keepalive ping failed: ProtoSerialClient.send_ping() got an unexpected keyword argument 'return_seq' (File: proto_connection, Line: 133, Function: _send_keepalive)
2025-09-29 01:55:48,093 - WARNING - keepalive ping failed: ProtoSerialClient.send_ping() got an unexpected keyword argument 'return_seq' (File: proto_connection, Line: 133, Function: _send_keepalive)
2025-09-29 01:55:51,099 - WARNING - keepalive ping failed: ProtoSerialClient.send_ping() got an unexpected keyword argument 'return_seq' (File: proto_connection, Line: 133, Function: _send_keepalive)
2025-09-29 01:55:52,634 - WARNING - keepalive ping failed: ProtoSerialClient.send_ping() got an unexpected keyword argument 'return_seq' (File: proto_connection, Line: 133, Function: _send_keepalive)
2025-09-29 01:55:55,640 - WARNING - keepalive ping failed: ProtoSerialClient.send_ping() got an unexpected keyword argument 'return_seq' (File: proto_connection, Line: 133, Function: _send_keepalive)
2025-09-29 01:55:58,645 - WARNING - keepalive ping failed: ProtoSerialClient.send_ping() got an unexpected keyword argument 'return_seq' (File: proto_connection, Line: 133, Function: _send_keepalive)
2025-09-29 01:56:01,650 - WARNING - keepalive ping failed: ProtoSerialClient.send_ping() got an unexpected keyword argument 'return_seq' (File: proto_connection, Line: 133, Function: _send_keepalive)
2025-09-29 01:56:03,195 - WARNING - keepalive ping failed: ProtoSerialClient.send_ping() got an unexpected keyword argument 'return_seq' (File: proto_connection, Line: 133, Function: _send_keepalive)
2025-09-29 01:56:06,200 - WARNING - keepalive ping failed: ProtoSerialClient.send_ping() got an unexpected keyword argument 'return_seq' (File: proto_connection, Line: 133, Function: _send_keepalive)
2025-09-29 01:56:09,205 - WARNING - keepalive ping failed: ProtoSerialClient.send_ping() got an unexpected keyword argument 'return_seq' (File: proto_connection, Line: 133, Function: _send_keepalive)
2025-09-29 01:56:12,212 - WARNING - keepalive ping failed: ProtoSerialClient.send_ping() got an unexpected keyword argument 'return_seq' (File: proto_connection, Line: 133, Function: _send_keepalive)
2025-09-29 01:56:13,748 - WARNING - keepalive ping failed: ProtoSerialClient.send_ping() got an unexpected keyword argument 'return_seq' (File: proto_connection, Line: 133, Function: _send_keepalive)
2025-09-29 01:56:16,754 - WARNING - keepalive ping failed: ProtoSerialClient.send_ping() got an unexpected keyword argument 'return_seq' (File: proto_connection, Line: 133, Function: _send_keepalive)
2025-09-29 01:56:19,759 - WARNING - keepalive ping failed: ProtoSerialClient.send_ping() got an unexpected keyword argument 'return_seq' (File: proto_connection, Line: 133, Function: _send_keepalive)
2025-09-29 01:56:22,764 - WARNING - keepalive ping failed: ProtoSerialClient.send_ping() got an unexpected keyword argument 'return_seq' (File: proto_connection, Line: 133, Function: _send_keepalive)
2025-09-29 01:56:24,302 - WARNING - keepalive ping failed: ProtoSerialClient.send_ping() got an unexpected keyword argument 'return_seq' (File: proto_connection, Line: 133, Function: _send_keepalive)
2025-09-29 01:56:27,308 - WARNING - keepalive ping failed: ProtoSerialClient.send_ping() got an unexpected keyword argument 'return_seq' (File: proto_connection, Line: 133, Function: _send_keepalive)
2025-09-29 01:56:30,315 - WARNING - keepalive ping failed: ProtoSerialClient.send_ping() got an unexpected keyword argument 'return_seq' (File: proto_connection, Line: 133, Function: _send_keepalive)
2025-09-29 01:56:33,322 - WARNING - keepalive ping failed: ProtoSerialClient.send_ping() got an unexpected keyword argument 'return_seq' (File: proto_connection, Line: 133, Function: _send_keepalive)
2025-09-29 01:56:34,853 - WARNING - keepalive ping failed: ProtoSerialClient.send_ping() got an unexpected keyword argument 'return_seq' (File: proto_connection, Line: 133, Function: _send_keepalive)
2025-09-29 01:56:37,859 - WARNING - keepalive ping failed: ProtoSerialClient.send_ping() got an unexpected keyword argument 'return_seq' (File: proto_connection, Line: 133, Function: _send_keepalive)
2025-09-29 01:56:40,864 - WARNING - keepalive ping failed: ProtoSerialClient.send_ping() got an unexpected keyword argument 'return_seq' (File: proto_connection, Line: 133, Function: _send_keepalive)
2025-09-29 01:56:43,868 - WARNING - keepalive ping failed: ProtoSerialClient.send_ping() got an unexpected keyword argument 'return_seq' (File: proto_connection, Line: 133, Function: _send_keepalive)
2025-09-29 01:56:45,412 - WARNING - keepalive ping failed: ProtoSerialClient.send_ping() got an unexpected keyword argument 'return_seq' (File: proto_connection, Line: 133, Function: _send_keepalive)
2025-09-29 01:56:48,419 - WARNING - keepalive ping failed: ProtoSerialClient.send_ping() got an unexpected keyword argument 'return_seq' (File: proto_connection, Line: 133, Function: _send_keepalive)
2025-09-29 01:56:51,425 - WARNING - keepalive ping failed: ProtoSerialClient.send_ping() got an unexpected keyword argument 'return_seq' (File: proto_connection, Line: 133, Function: _send_keepalive)
2025-09-29 01:56:54,431 - WARNING - keepalive ping failed: ProtoSerialClient.send_ping() got an unexpected keyword argument 'return_seq' (File: proto_connection, Line: 133, Function: _send_keepalive)
2025-09-29 01:56:55,969 - WARNING - keepalive ping failed: ProtoSerialClient.send_ping() got an unexpected keyword argument 'return_seq' (File: proto_connection, Line: 133, Function: _send_keepalive)
2025-09-29 01:56:58,976 - WARNING - keepalive ping failed: ProtoSerialClient.send_ping() got an unexpected keyword argument 'return_seq' (File: proto_connection, Line: 133, Function: _send_keepalive)
2025-09-29 01:57:01,982 - WARNING - keepalive ping failed: ProtoSerialClient.send_ping() got an unexpected keyword argument 'return_seq' (File: proto_connection, Line: 133, Function: _send_keepalive)
2025-09-29 01:57:04,989 - WARNING - keepalive ping failed: ProtoSerialClient.send_ping() got an unexpected keyword argument 'return_seq' (File: proto_connection, Line: 133, Function: _send_keepalive)
2025-09-29 01:57:06,540 - WARNING - keepalive ping failed: ProtoSerialClient.send_ping() got an unexpected keyword argument 'return_seq' (File: proto_connection, Line: 133, Function: _send_keepalive)
2025-09-29 01:57:09,547 - WARNING - keepalive ping failed: ProtoSerialClient.send_ping() got an unexpected keyword argument 'return_seq' (File: proto_connection, Line: 133, Function: _send_keepalive)
2025-09-29 01:57:12,552 - WARNING - keepalive ping failed: ProtoSerialClient.send_ping() got an unexpected keyword argument 'return_seq' (File: proto_connection, Line: 133, Function: _send_keepalive)
2025-09-29 01:57:15,559 - WARNING - keepalive ping failed: ProtoSerialClient.send_ping() got an unexpected keyword argument 'return_seq' (File: proto_connection, Line: 133, Function: _send_keepalive)
2025-09-29 01:57:17,149 - WARNING - keepalive ping failed: ProtoSerialClient.send_ping() got an unexpected keyword argument 'return_seq' (File: proto_connection, Line: 133, Function: _send_keepalive)
2025-09-29 01:57:20,155 - WARNING - keepalive ping failed: ProtoSerialClient.send_ping() got an unexpected keyword argument 'return_seq' (File: proto_connection, Line: 133, Function: _send_keepalive)
2025-09-29 01:57:23,160 - WARNING - keepalive ping failed: ProtoSerialClient.send_ping() got an unexpected keyword argument 'return_seq' (File: proto_connection, Line: 133, Function: _send_keepalive)
2025-09-29 01:57:26,166 - WARNING - keepalive ping failed: ProtoSerialClient.send_ping() got an unexpected keyword argument 'return_seq' (File: proto_connection, Line: 133, Function: _send_keepalive)
2025-09-29 01:57:27,733 - WARNING - keepalive ping failed: ProtoSerialClient.send_ping() got an unexpected keyword argument 'return_seq' (File: proto_connection, Line: 133, Function: _send_keepalive)
2025-09-29 01:57:30,739 - WARNING - keepalive ping failed: ProtoSerialClient.send_ping() got an unexpected keyword argument 'return_seq' (File: proto_connection, Line: 133, Function: _send_keepalive)
2025-09-29 01:57:33,744 - WARNING - keepalive ping failed: ProtoSerialClient.send_ping() got an unexpected keyword argument 'return_seq' (File: proto_connection, Line: 133, Function: _send_keepalive)
2025-09-29 01:57:36,750 - WARNING - keepalive ping failed: ProtoSerialClient.send_ping() got an unexpected keyword argument 'return_seq' (File: proto_connection, Line: 133, Function: _send_keepalive)
2025-09-29 02:01:08,692 - CRITICAL - Unbehandelte Ausnahme (File: log, Line: 22, Function: handle_exception)
Traceback (most recent call last):
  File "c:\Users\rodi9\Dropbox\InstitutGR\HESS4MRA\Testing\CapRig1Repo\protobuf_docker\workspace\pythonProject\gui_main.py", line 94, in <module>
    App().mainloop()
    ^^^^^
  File "c:\Users\rodi9\Dropbox\InstitutGR\HESS4MRA\Testing\CapRig1Repo\protobuf_docker\workspace\pythonProject\gui_main.py", line 22, in __init__
    self.runtime = self.conn.get_runtime()
                   ^^^^^^^^^^^^^^^^^^^^^
AttributeError: 'ReconnectSupervisor' object has no attribute 'get_runtime'
2025-09-29 02:01:24,652 - CRITICAL - Unbehandelte Ausnahme (File: log, Line: 22, Function: handle_exception)
Traceback (most recent call last):
  File "c:\Users\rodi9\Dropbox\InstitutGR\HESS4MRA\Testing\CapRig1Repo\protobuf_docker\workspace\pythonProject\gui_main.py", line 94, in <module>
    App().mainloop()
    ^^^^^
  File "c:\Users\rodi9\Dropbox\InstitutGR\HESS4MRA\Testing\CapRig1Repo\protobuf_docker\workspace\pythonProject\gui_main.py", line 22, in __init__
    self.runtime = self.conn.get_runtime()
                   ^^^^^^^^^^^^^^^^^^^^^
AttributeError: 'ReconnectSupervisor' object has no attribute 'get_runtime'
2025-09-29 02:01:53,070 - CRITICAL - Unbehandelte Ausnahme (File: log, Line: 22, Function: handle_exception)
Traceback (most recent call last):
  File "c:\Users\rodi9\Dropbox\InstitutGR\HESS4MRA\Testing\CapRig1Repo\protobuf_docker\workspace\pythonProject\gui_main.py", line 94, in <module>
    App().mainloop()
    ^^^^^
  File "c:\Users\rodi9\Dropbox\InstitutGR\HESS4MRA\Testing\CapRig1Repo\protobuf_docker\workspace\pythonProject\gui_main.py", line 22, in __init__
    self.runtime = self.conn.get_runtime()
                   ^^^^^^^^^^^^^^^^^^^^^
AttributeError: 'ReconnectSupervisor' object has no attribute 'get_runtime'
2025-09-29 02:02:00,981 - INFO - ERROR AttributeError: '_tkinter.tkapp' object has no attribute 'runtime'
2025-09-29 02:03:16,878 - INFO - ERROR AttributeError: '_tkinter.tkapp' object has no attribute 'runtime'
2025-09-29 02:03:19,182 - INFO - ERROR AttributeError: '_tkinter.tkapp' object has no attribute 'runtime'
2025-09-29 02:14:15,836 - CRITICAL - Unbehandelte Ausnahme (File: log, Line: 22, Function: handle_exception)
Traceback (most recent call last):
  File "c:\Users\rodi9\Dropbox\InstitutGR\HESS4MRA\Testing\CapRig1Repo\protobuf_docker\workspace\pythonProject\gui_main.py", line 8, in <module>
    from proto_connection import ReconnectSupervisor
  File "c:\Users\rodi9\Dropbox\InstitutGR\HESS4MRA\Testing\CapRig1Repo\protobuf_docker\workspace\pythonProject\proto_connection.py", line 9, in <module>
    from proto_serial_client import ProtoSerialClient
  File "c:\Users\rodi9\Dropbox\InstitutGR\HESS4MRA\Testing\CapRig1Repo\protobuf_docker\workspace\pythonProject\proto_serial_client.py", line 6, in <module>
    from logger_config import setup_logger
ImportError: cannot import name 'setup_logger' from 'logger_config' (c:\Users\rodi9\Dropbox\InstitutGR\HESS4MRA\Testing\CapRig1Repo\protobuf_docker\workspace\pythonProject\logger_config.py)
2025-09-29 02:15:31,710 - CRITICAL - Unbehandelte Ausnahme (File: log, Line: 22, Function: handle_exception)
Traceback (most recent call last):
  File "c:\Users\rodi9\Dropbox\InstitutGR\HESS4MRA\Testing\CapRig1Repo\protobuf_docker\workspace\pythonProject\gui_main.py", line 8, in <module>
    from proto_connection import ReconnectSupervisor
  File "c:\Users\rodi9\Dropbox\InstitutGR\HESS4MRA\Testing\CapRig1Repo\protobuf_docker\workspace\pythonProject\proto_connection.py", line 9, in <module>
    from proto_serial_client import ProtoSerialClient
  File "c:\Users\rodi9\Dropbox\InstitutGR\HESS4MRA\Testing\CapRig1Repo\protobuf_docker\workspace\pythonProject\proto_serial_client.py", line 6, in <module>
    from logger_config import setup_logger
ImportError: cannot import name 'setup_logger' from 'logger_config' (c:\Users\rodi9\Dropbox\InstitutGR\HESS4MRA\Testing\CapRig1Repo\protobuf_docker\workspace\pythonProject\logger_config.py)
2025-09-29 02:15:54,918 - CRITICAL - Unbehandelte Ausnahme (File: log, Line: 22, Function: handle_exception)
Traceback (most recent call last):
  File "c:\Users\rodi9\Dropbox\InstitutGR\HESS4MRA\Testing\CapRig1Repo\protobuf_docker\workspace\pythonProject\gui_main.py", line 8, in <module>
    from proto_connection import ReconnectSupervisor
  File "c:\Users\rodi9\Dropbox\InstitutGR\HESS4MRA\Testing\CapRig1Repo\protobuf_docker\workspace\pythonProject\proto_connection.py", line 9, in <module>
    from proto_serial_client import ProtoSerialClient
  File "c:\Users\rodi9\Dropbox\InstitutGR\HESS4MRA\Testing\CapRig1Repo\protobuf_docker\workspace\pythonProject\proto_serial_client.py", line 6, in <module>
    from logger_config import setup_logger
ImportError: cannot import name 'setup_logger' from 'logger_config' (c:\Users\rodi9\Dropbox\InstitutGR\HESS4MRA\Testing\CapRig1Repo\protobuf_docker\workspace\pythonProject\logger_config.py)
2025-09-29 02:16:23,993 - INFO - ERROR AttributeError: '_tkinter.tkapp' object has no attribute 'runtime'
2025-09-29 02:16:29,089 - INFO - ERROR AttributeError: '_tkinter.tkapp' object has no attribute 'runtime'
2025-09-29 02:30:03,718 - INFO - Serial port COM4 opened at 230400 baud.
2025-09-29 02:30:11,547 - INFO - ERROR AttributeError: '_tkinter.tkapp' object has no attribute 'runtime'
2025-09-29 02:30:21,474 - INFO - Serial port COM4 opened at 230400 baud.
2025-09-29 02:32:36,823 - INFO - Serial port COM4 opened at 230400 baud.
2025-09-29 02:32:39,282 - INFO - ACK
2025-09-29 02:32:42,650 - INFO - ACK
2025-09-29 02:32:44,132 - INFO - ACK
2025-09-29 02:32:53,743 - INFO - Starte 1000x ping Test...
2025-09-29 02:32:53,747 - INFO - ACK
2025-09-29 02:32:53,761 - INFO - ACK
2025-09-29 02:32:53,774 - INFO - ACK
2025-09-29 02:32:53,787 - INFO - ACK
2025-09-29 02:32:53,801 - INFO - ACK
2025-09-29 02:32:53,816 - INFO - ACK
2025-09-29 02:32:53,831 - INFO - ACK
2025-09-29 02:32:53,846 - INFO - ACK
2025-09-29 02:32:53,861 - INFO - ACK
2025-09-29 02:32:53,874 - INFO - ACK
2025-09-29 02:32:53,889 - INFO - ACK
2025-09-29 02:32:53,903 - INFO - ACK
2025-09-29 02:32:53,915 - INFO - ACK
2025-09-29 02:32:53,929 - INFO - ACK
2025-09-29 02:32:53,966 - INFO - ACK
2025-09-29 02:32:53,979 - INFO - ACK
2025-09-29 02:32:53,992 - INFO - ACK
2025-09-29 02:32:54,004 - INFO - ACK
2025-09-29 02:32:54,018 - INFO - ACK
2025-09-29 02:32:54,031 - INFO - ACK
2025-09-29 02:32:54,045 - INFO - ACK
2025-09-29 02:32:54,058 - INFO - ACK
2025-09-29 02:32:54,072 - INFO - ACK
2025-09-29 02:32:54,085 - INFO - ACK
2025-09-29 02:32:54,098 - INFO - ACK
2025-09-29 02:32:54,112 - INFO - ACK
2025-09-29 02:32:54,125 - INFO - ACK
2025-09-29 02:32:54,138 - INFO - ACK
2025-09-29 02:32:54,152 - INFO - ACK
2025-09-29 02:32:54,165 - INFO - ACK
2025-09-29 02:32:54,177 - INFO - ACK
2025-09-29 02:32:54,190 - INFO - ACK
2025-09-29 02:32:54,203 - INFO - ACK
2025-09-29 02:32:54,215 - INFO - ACK
2025-09-29 02:32:54,228 - INFO - ACK
2025-09-29 02:32:54,241 - INFO - ACK
2025-09-29 02:32:54,253 - INFO - ACK
2025-09-29 02:32:54,267 - INFO - ACK
2025-09-29 02:32:54,280 - INFO - ACK
2025-09-29 02:32:54,293 - INFO - ACK
2025-09-29 02:32:54,306 - INFO - ACK
2025-09-29 02:32:54,318 - INFO - ACK
2025-09-29 02:32:54,331 - INFO - ACK
2025-09-29 02:32:54,344 - INFO - ACK
2025-09-29 02:32:54,357 - INFO - ACK
2025-09-29 02:32:54,370 - INFO - ACK
2025-09-29 02:32:54,383 - INFO - ACK
2025-09-29 02:32:54,396 - INFO - ACK
2025-09-29 02:32:54,409 - INFO - ACK
2025-09-29 02:32:54,422 - INFO - ACK
2025-09-29 02:32:54,436 - INFO - ACK
2025-09-29 02:32:54,449 - INFO - ACK
2025-09-29 02:32:54,462 - INFO - ACK
2025-09-29 02:32:54,475 - INFO - ACK
2025-09-29 02:32:54,489 - INFO - ACK
2025-09-29 02:32:54,502 - INFO - ACK
2025-09-29 02:32:54,515 - INFO - ACK
2025-09-29 02:32:54,527 - INFO - ACK
2025-09-29 02:32:54,539 - INFO - ACK
2025-09-29 02:32:54,553 - INFO - ACK
2025-09-29 02:32:54,566 - INFO - ACK
2025-09-29 02:32:54,580 - INFO - ACK
2025-09-29 02:32:54,593 - INFO - ACK
2025-09-29 02:32:54,606 - INFO - ACK
2025-09-29 02:32:54,618 - INFO - ACK
2025-09-29 02:32:54,631 - INFO - ACK
2025-09-29 02:32:54,645 - INFO - ACK
2025-09-29 02:32:54,658 - INFO - ACK
2025-09-29 02:32:54,671 - INFO - ACK
2025-09-29 02:32:54,683 - INFO - ACK
2025-09-29 02:32:54,695 - INFO - ACK
2025-09-29 02:32:54,708 - INFO - ACK
2025-09-29 02:32:54,721 - INFO - ACK
2025-09-29 02:32:54,735 - INFO - ACK
2025-09-29 02:32:54,747 - INFO - ACK
2025-09-29 02:32:54,761 - INFO - ACK
2025-09-29 02:32:54,774 - INFO - ACK
2025-09-29 02:32:54,787 - INFO - ACK
2025-09-29 02:32:54,799 - INFO - ACK
2025-09-29 02:32:54,813 - INFO - ACK
2025-09-29 02:32:54,826 - INFO - ACK
2025-09-29 02:32:54,839 - INFO - ACK
2025-09-29 02:32:54,852 - INFO - ACK
2025-09-29 02:32:54,865 - INFO - ACK
2025-09-29 02:32:54,878 - INFO - ACK
2025-09-29 02:32:54,892 - INFO - ACK
2025-09-29 02:32:54,906 - INFO - ACK
2025-09-29 02:32:54,919 - INFO - ACK
2025-09-29 02:32:54,932 - INFO - ACK
2025-09-29 02:32:54,945 - INFO - ACK
2025-09-29 02:32:54,957 - INFO - ACK
2025-09-29 02:32:54,969 - INFO - ACK
2025-09-29 02:32:54,984 - INFO - ACK
2025-09-29 02:32:54,997 - INFO - ACK
2025-09-29 02:32:55,010 - INFO - ACK
2025-09-29 02:32:55,022 - INFO - ACK
2025-09-29 02:32:55,035 - INFO - ACK
2025-09-29 02:32:55,048 - INFO - ACK
2025-09-29 02:32:55,061 - INFO - ACK
2025-09-29 02:32:55,074 - INFO - ACK
2025-09-29 02:32:55,087 - INFO - ACK
2025-09-29 02:32:55,100 - INFO - ACK
2025-09-29 02:32:55,113 - INFO - ACK
2025-09-29 02:32:55,125 - INFO - ACK
2025-09-29 02:32:55,140 - INFO - ACK
2025-09-29 02:32:55,153 - INFO - ACK
2025-09-29 02:32:55,166 - INFO - ACK
2025-09-29 02:32:55,179 - INFO - ACK
2025-09-29 02:32:55,192 - INFO - ACK
2025-09-29 02:32:55,205 - INFO - ACK
2025-09-29 02:32:55,218 - INFO - ACK
2025-09-29 02:32:55,232 - INFO - ACK
2025-09-29 02:32:55,245 - INFO - ACK
2025-09-29 02:32:55,259 - INFO - ACK
2025-09-29 02:32:55,272 - INFO - ACK
2025-09-29 02:32:55,284 - INFO - ACK
2025-09-29 02:32:55,299 - INFO - ACK
2025-09-29 02:32:55,312 - INFO - ACK
2025-09-29 02:32:55,325 - INFO - ACK
2025-09-29 02:32:55,338 - INFO - ACK
2025-09-29 02:32:55,352 - INFO - ACK
2025-09-29 02:32:55,365 - INFO - ACK
2025-09-29 02:32:55,378 - INFO - ACK
2025-09-29 02:32:55,391 - INFO - ACK
2025-09-29 02:32:55,404 - INFO - ACK
2025-09-29 02:32:55,417 - INFO - ACK
2025-09-29 02:32:55,430 - INFO - ACK
2025-09-29 02:32:55,443 - INFO - ACK
2025-09-29 02:32:55,456 - INFO - ACK
2025-09-29 02:32:55,471 - INFO - ACK
2025-09-29 02:32:55,483 - INFO - ACK
2025-09-29 02:32:55,498 - INFO - ACK
2025-09-29 02:32:55,511 - INFO - ACK
2025-09-29 02:32:55,523 - INFO - ACK
2025-09-29 02:32:55,537 - INFO - ACK
2025-09-29 02:32:55,550 - INFO - ACK
2025-09-29 02:32:55,563 - INFO - ACK
2025-09-29 02:32:55,576 - INFO - ACK
2025-09-29 02:32:55,588 - INFO - ACK
2025-09-29 02:32:55,602 - INFO - ACK
2025-09-29 02:32:55,615 - INFO - ACK
2025-09-29 02:32:55,627 - INFO - ACK
2025-09-29 02:32:55,639 - INFO - ACK
2025-09-29 02:32:55,652 - INFO - ACK
2025-09-29 02:32:55,666 - INFO - ACK
2025-09-29 02:32:55,679 - INFO - ACK
2025-09-29 02:32:55,692 - INFO - ACK
2025-09-29 02:32:55,704 - INFO - ACK
2025-09-29 02:32:55,718 - INFO - ACK
2025-09-29 02:32:55,731 - INFO - ACK
2025-09-29 02:32:55,744 - INFO - ACK
2025-09-29 02:32:55,756 - INFO - ACK
2025-09-29 02:32:55,768 - INFO - ACK
2025-09-29 02:32:55,805 - INFO - ACK
2025-09-29 02:32:55,817 - INFO - ACK
2025-09-29 02:32:55,831 - INFO - ACK
2025-09-29 02:32:55,843 - INFO - ACK
2025-09-29 02:32:55,857 - INFO - ACK
2025-09-29 02:32:55,871 - INFO - ACK
2025-09-29 02:32:55,884 - INFO - ACK
2025-09-29 02:32:55,897 - INFO - ACK
2025-09-29 02:32:55,910 - INFO - ACK
2025-09-29 02:32:55,921 - INFO - ACK
2025-09-29 02:32:55,934 - INFO - ACK
2025-09-29 02:32:55,947 - INFO - ACK
2025-09-29 02:32:55,961 - INFO - ACK
2025-09-29 02:32:55,973 - INFO - ACK
2025-09-29 02:32:55,987 - INFO - ACK
2025-09-29 02:32:56,000 - INFO - ACK
2025-09-29 02:32:56,013 - INFO - ACK
2025-09-29 02:32:56,025 - INFO - ACK
2025-09-29 02:32:56,038 - INFO - ACK
2025-09-29 02:32:56,050 - INFO - ACK
2025-09-29 02:32:56,063 - INFO - ACK
2025-09-29 02:32:56,076 - INFO - ACK
2025-09-29 02:32:56,089 - INFO - ACK
2025-09-29 02:32:56,102 - INFO - ACK
2025-09-29 02:32:56,115 - INFO - ACK
2025-09-29 02:32:56,128 - INFO - ACK
2025-09-29 02:32:56,141 - INFO - ACK
2025-09-29 02:32:56,155 - INFO - ACK
2025-09-29 02:32:56,169 - INFO - ACK
2025-09-29 02:32:56,182 - INFO - ACK
2025-09-29 02:32:56,195 - INFO - ACK
2025-09-29 02:32:56,208 - INFO - ACK
2025-09-29 02:32:56,221 - INFO - ACK
2025-09-29 02:32:56,234 - INFO - ACK
2025-09-29 02:32:56,245 - INFO - ACK
2025-09-29 02:32:56,258 - INFO - ACK
2025-09-29 02:32:56,271 - INFO - ACK
2025-09-29 02:32:56,284 - INFO - ACK
2025-09-29 02:32:56,297 - INFO - ACK
2025-09-29 02:32:56,310 - INFO - ACK
2025-09-29 02:32:56,322 - INFO - ACK
2025-09-29 02:32:56,336 - INFO - ACK
2025-09-29 02:32:56,349 - INFO - ACK
2025-09-29 02:32:56,361 - INFO - ACK
2025-09-29 02:32:56,374 - INFO - ACK
2025-09-29 02:32:56,387 - INFO - ACK
2025-09-29 02:32:56,400 - INFO - ACK
2025-09-29 02:32:56,412 - INFO - ACK
2025-09-29 02:32:56,426 - INFO - ACK
2025-09-29 02:32:56,439 - INFO - ACK
2025-09-29 02:32:56,452 - INFO - ACK
2025-09-29 02:32:56,465 - INFO - ACK
2025-09-29 02:32:56,478 - INFO - ACK
2025-09-29 02:32:56,492 - INFO - ACK
2025-09-29 02:32:56,505 - INFO - ACK
2025-09-29 02:32:56,518 - INFO - ACK
2025-09-29 02:32:56,531 - INFO - ACK
2025-09-29 02:32:56,544 - INFO - ACK
2025-09-29 02:32:56,556 - INFO - ACK
2025-09-29 02:32:56,569 - INFO - ACK
2025-09-29 02:32:56,583 - INFO - ACK
2025-09-29 02:32:56,596 - INFO - ACK
2025-09-29 02:32:56,609 - INFO - ACK
2025-09-29 02:32:56,621 - INFO - ACK
2025-09-29 02:32:56,634 - INFO - ACK
2025-09-29 02:32:56,646 - INFO - ACK
2025-09-29 02:32:56,660 - INFO - ACK
2025-09-29 02:32:56,673 - INFO - ACK
2025-09-29 02:32:56,686 - INFO - ACK
2025-09-29 02:32:56,699 - INFO - ACK
2025-09-29 02:32:56,713 - INFO - ACK
2025-09-29 02:32:56,726 - INFO - ACK
2025-09-29 02:32:56,740 - INFO - ACK
2025-09-29 02:32:56,752 - INFO - ACK
2025-09-29 02:32:56,765 - INFO - ACK
2025-09-29 02:32:56,778 - INFO - ACK
2025-09-29 02:32:56,790 - INFO - ACK
2025-09-29 02:32:56,804 - INFO - ACK
2025-09-29 02:32:56,817 - INFO - ACK
2025-09-29 02:32:56,830 - INFO - ACK
2025-09-29 02:32:56,842 - INFO - ACK
2025-09-29 02:32:56,854 - INFO - ACK
2025-09-29 02:32:56,867 - INFO - ACK
2025-09-29 02:32:56,879 - INFO - ACK
2025-09-29 02:32:56,893 - INFO - ACK
2025-09-29 02:32:56,906 - INFO - ACK
2025-09-29 02:32:56,919 - INFO - ACK
2025-09-29 02:32:56,931 - INFO - ACK
2025-09-29 02:32:56,945 - INFO - ACK
2025-09-29 02:32:56,959 - INFO - ACK
2025-09-29 02:32:56,972 - INFO - ACK
2025-09-29 02:32:56,985 - INFO - ACK
2025-09-29 02:32:56,998 - INFO - ACK
2025-09-29 02:32:57,011 - INFO - ACK
2025-09-29 02:32:57,023 - INFO - ACK
2025-09-29 02:32:57,036 - INFO - ACK
2025-09-29 02:32:57,050 - INFO - ACK
2025-09-29 02:32:57,062 - INFO - ACK
2025-09-29 02:32:57,076 - INFO - ACK
2025-09-29 02:32:57,088 - INFO - ACK
2025-09-29 02:32:57,101 - INFO - ACK
2025-09-29 02:32:57,114 - INFO - ACK
2025-09-29 02:32:57,126 - INFO - ACK
2025-09-29 02:32:57,139 - INFO - ACK
2025-09-29 02:32:57,151 - INFO - ACK
2025-09-29 02:32:57,164 - INFO - ACK
2025-09-29 02:32:57,176 - INFO - ACK
2025-09-29 02:32:57,189 - INFO - ACK
2025-09-29 02:32:57,203 - INFO - ACK
2025-09-29 02:32:57,215 - INFO - ACK
2025-09-29 02:32:57,229 - INFO - ACK
2025-09-29 02:32:57,242 - INFO - ACK
2025-09-29 02:32:57,255 - INFO - ACK
2025-09-29 02:32:57,268 - INFO - ACK
2025-09-29 02:32:57,281 - INFO - ACK
2025-09-29 02:32:57,294 - INFO - ACK
2025-09-29 02:32:57,307 - INFO - ACK
2025-09-29 02:32:57,320 - INFO - ACK
2025-09-29 02:32:57,333 - INFO - ACK
2025-09-29 02:32:57,345 - INFO - ACK
2025-09-29 02:32:57,359 - INFO - ACK
2025-09-29 02:32:57,372 - INFO - ACK
2025-09-29 02:32:57,385 - INFO - ACK
2025-09-29 02:32:57,398 - INFO - ACK
2025-09-29 02:32:57,412 - INFO - ACK
2025-09-29 02:32:57,424 - INFO - ACK
2025-09-29 02:32:57,439 - INFO - ACK
2025-09-29 02:32:57,452 - INFO - ACK
2025-09-29 02:32:57,465 - INFO - ACK
2025-09-29 02:32:57,478 - INFO - ACK
2025-09-29 02:32:57,491 - INFO - ACK
2025-09-29 02:32:57,504 - INFO - ACK
2025-09-29 02:32:57,517 - INFO - ACK
2025-09-29 02:32:57,554 - INFO - ACK
2025-09-29 02:32:57,567 - INFO - ACK
2025-09-29 02:32:57,579 - INFO - ACK
2025-09-29 02:32:57,592 - INFO - ACK
2025-09-29 02:32:57,605 - INFO - ACK
2025-09-29 02:32:57,619 - INFO - ACK
2025-09-29 02:32:57,633 - INFO - ACK
2025-09-29 02:32:57,646 - INFO - ACK
2025-09-29 02:32:57,659 - INFO - ACK
2025-09-29 02:32:57,672 - INFO - ACK
2025-09-29 02:32:57,685 - INFO - ACK
2025-09-29 02:32:57,697 - INFO - ACK
2025-09-29 02:32:57,711 - INFO - ACK
2025-09-29 02:32:57,727 - INFO - ACK
2025-09-29 02:32:57,741 - INFO - ACK
2025-09-29 02:32:57,754 - INFO - ACK
2025-09-29 02:32:57,766 - INFO - ACK
2025-09-29 02:32:57,779 - INFO - ACK
2025-09-29 02:32:57,797 - INFO - ACK
2025-09-29 02:32:57,811 - INFO - ACK
2025-09-29 02:32:57,824 - INFO - ACK
2025-09-29 02:32:57,837 - INFO - ACK
2025-09-29 02:32:57,850 - INFO - ACK
2025-09-29 02:32:57,863 - INFO - ACK
2025-09-29 02:32:57,875 - INFO - ACK
2025-09-29 02:32:57,889 - INFO - ACK
2025-09-29 02:32:57,902 - INFO - ACK
2025-09-29 02:32:57,914 - INFO - ACK
2025-09-29 02:32:57,928 - INFO - ACK
2025-09-29 02:32:57,941 - INFO - ACK
2025-09-29 02:32:57,954 - INFO - ACK
2025-09-29 02:32:57,967 - INFO - ACK
2025-09-29 02:32:57,981 - INFO - ACK
2025-09-29 02:32:57,995 - INFO - ACK
2025-09-29 02:32:58,008 - INFO - ACK
2025-09-29 02:32:58,021 - INFO - ACK
2025-09-29 02:32:58,035 - INFO - ACK
2025-09-29 02:32:58,047 - INFO - ACK
2025-09-29 02:32:58,062 - INFO - ACK
2025-09-29 02:32:58,075 - INFO - ACK
2025-09-29 02:32:58,088 - INFO - ACK
2025-09-29 02:32:58,100 - INFO - ACK
2025-09-29 02:32:58,113 - INFO - ACK
2025-09-29 02:32:58,125 - INFO - ACK
2025-09-29 02:32:58,138 - INFO - ACK
2025-09-29 02:32:58,151 - INFO - ACK
2025-09-29 02:32:58,165 - INFO - ACK
2025-09-29 02:32:58,178 - INFO - ACK
2025-09-29 02:32:58,190 - INFO - ACK
2025-09-29 02:32:58,203 - INFO - ACK
2025-09-29 02:32:58,217 - INFO - ACK
2025-09-29 02:32:58,230 - INFO - ACK
2025-09-29 02:32:58,243 - INFO - ACK
2025-09-29 02:32:58,256 - INFO - ACK
2025-09-29 02:32:58,270 - INFO - ACK
2025-09-29 02:32:58,285 - INFO - ACK
2025-09-29 02:32:58,298 - INFO - ACK
2025-09-29 02:32:58,311 - INFO - ACK
2025-09-29 02:32:58,323 - INFO - ACK
2025-09-29 02:32:58,337 - INFO - ACK
2025-09-29 02:32:58,349 - INFO - ACK
2025-09-29 02:32:58,362 - INFO - ACK
2025-09-29 02:32:58,375 - INFO - ACK
2025-09-29 02:32:58,387 - INFO - ACK
2025-09-29 02:32:58,400 - INFO - ACK
2025-09-29 02:32:58,414 - INFO - ACK
2025-09-29 02:32:58,426 - INFO - ACK
2025-09-29 02:32:58,439 - INFO - ACK
2025-09-29 02:32:58,452 - INFO - ACK
2025-09-29 02:32:58,465 - INFO - ACK
2025-09-29 02:32:58,478 - INFO - ACK
2025-09-29 02:32:58,491 - INFO - ACK
2025-09-29 02:32:58,504 - INFO - ACK
2025-09-29 02:32:58,517 - INFO - ACK
2025-09-29 02:32:58,530 - INFO - ACK
2025-09-29 02:32:58,543 - INFO - ACK
2025-09-29 02:32:58,555 - INFO - ACK
2025-09-29 02:32:58,569 - INFO - ACK
2025-09-29 02:32:58,582 - INFO - ACK
2025-09-29 02:32:58,595 - INFO - ACK
2025-09-29 02:32:58,607 - INFO - ACK
2025-09-29 02:32:58,620 - INFO - ACK
2025-09-29 02:32:58,631 - INFO - ACK
2025-09-29 02:32:58,644 - INFO - ACK
2025-09-29 02:32:58,660 - INFO - ACK
2025-09-29 02:32:58,674 - INFO - ACK
2025-09-29 02:32:58,687 - INFO - ACK
2025-09-29 02:32:58,701 - INFO - ACK
2025-09-29 02:32:58,713 - INFO - ACK
2025-09-29 02:32:58,726 - INFO - ACK
2025-09-29 02:32:58,740 - INFO - ACK
2025-09-29 02:32:58,753 - INFO - ACK
2025-09-29 02:32:58,765 - INFO - ACK
2025-09-29 02:32:58,779 - INFO - ACK
2025-09-29 02:32:58,792 - INFO - ACK
2025-09-29 02:32:58,805 - INFO - ACK
2025-09-29 02:32:58,818 - INFO - ACK
2025-09-29 02:32:58,831 - INFO - ACK
2025-09-29 02:32:58,846 - INFO - ACK
2025-09-29 02:32:58,860 - INFO - ACK
2025-09-29 02:32:58,872 - INFO - ACK
2025-09-29 02:32:58,885 - INFO - ACK
2025-09-29 02:32:58,899 - INFO - ACK
2025-09-29 02:32:58,911 - INFO - ACK
2025-09-29 02:32:58,925 - INFO - ACK
2025-09-29 02:32:58,939 - INFO - ACK
2025-09-29 02:32:58,952 - INFO - ACK
2025-09-29 02:32:58,964 - INFO - ACK
2025-09-29 02:32:58,977 - INFO - ACK
2025-09-29 02:32:58,991 - INFO - ACK
2025-09-29 02:32:59,004 - INFO - ACK
2025-09-29 02:32:59,018 - INFO - ACK
2025-09-29 02:32:59,032 - INFO - ACK
2025-09-29 02:32:59,045 - INFO - ACK
2025-09-29 02:32:59,059 - INFO - ACK
2025-09-29 02:32:59,072 - INFO - ACK
2025-09-29 02:32:59,085 - INFO - ACK
2025-09-29 02:32:59,098 - INFO - ACK
2025-09-29 02:32:59,111 - INFO - ACK
2025-09-29 02:32:59,123 - INFO - ACK
2025-09-29 02:32:59,135 - INFO - ACK
2025-09-29 02:32:59,148 - INFO - ACK
2025-09-29 02:32:59,160 - INFO - ACK
2025-09-29 02:32:59,174 - INFO - ACK
2025-09-29 02:32:59,186 - INFO - ACK
2025-09-29 02:32:59,198 - INFO - ACK
2025-09-29 02:32:59,212 - INFO - ACK
2025-09-29 02:32:59,225 - INFO - ACK
2025-09-29 02:32:59,238 - INFO - ACK
2025-09-29 02:32:59,252 - INFO - ACK
2025-09-29 02:32:59,265 - INFO - ACK
2025-09-29 02:32:59,278 - INFO - ACK
2025-09-29 02:32:59,291 - INFO - ACK
2025-09-29 02:32:59,303 - INFO - ACK
2025-09-29 02:32:59,317 - INFO - ACK
2025-09-29 02:32:59,330 - INFO - ACK
2025-09-29 02:32:59,344 - INFO - ACK
2025-09-29 02:32:59,357 - INFO - ACK
2025-09-29 02:32:59,393 - INFO - ACK
2025-09-29 02:32:59,407 - INFO - ACK
2025-09-29 02:32:59,419 - INFO - ACK
2025-09-29 02:32:59,433 - INFO - ACK
2025-09-29 02:32:59,446 - INFO - ACK
2025-09-29 02:32:59,459 - INFO - ACK
2025-09-29 02:32:59,472 - INFO - ACK
2025-09-29 02:32:59,485 - INFO - ACK
2025-09-29 02:32:59,498 - INFO - ACK
2025-09-29 02:32:59,512 - INFO - ACK
2025-09-29 02:32:59,526 - INFO - ACK
2025-09-29 02:32:59,539 - INFO - ACK
2025-09-29 02:32:59,552 - INFO - ACK
2025-09-29 02:32:59,565 - INFO - ACK
2025-09-29 02:32:59,578 - INFO - ACK
2025-09-29 02:32:59,591 - INFO - ACK
2025-09-29 02:32:59,604 - INFO - ACK
2025-09-29 02:32:59,616 - INFO - ACK
2025-09-29 02:32:59,629 - INFO - ACK
2025-09-29 02:32:59,642 - INFO - ACK
2025-09-29 02:32:59,655 - INFO - ACK
2025-09-29 02:32:59,668 - INFO - ACK
2025-09-29 02:32:59,681 - INFO - ACK
2025-09-29 02:32:59,694 - INFO - ACK
2025-09-29 02:32:59,706 - INFO - ACK
2025-09-29 02:32:59,719 - INFO - ACK
2025-09-29 02:32:59,731 - INFO - ACK
2025-09-29 02:32:59,744 - INFO - ACK
2025-09-29 02:32:59,758 - INFO - ACK
2025-09-29 02:32:59,773 - INFO - ACK
2025-09-29 02:32:59,785 - INFO - ACK
2025-09-29 02:32:59,798 - INFO - ACK
2025-09-29 02:32:59,810 - INFO - ACK
2025-09-29 02:32:59,823 - INFO - ACK
2025-09-29 02:32:59,836 - INFO - ACK
2025-09-29 02:32:59,848 - INFO - ACK
2025-09-29 02:32:59,861 - INFO - ACK
2025-09-29 02:32:59,875 - INFO - ACK
2025-09-29 02:32:59,886 - INFO - ACK
2025-09-29 02:32:59,900 - INFO - ACK
2025-09-29 02:32:59,913 - INFO - ACK
2025-09-29 02:32:59,925 - INFO - ACK
2025-09-29 02:32:59,939 - INFO - ACK
2025-09-29 02:32:59,952 - INFO - ACK
2025-09-29 02:32:59,965 - INFO - ACK
2025-09-29 02:32:59,978 - INFO - ACK
2025-09-29 02:32:59,991 - INFO - ACK
2025-09-29 02:33:00,004 - INFO - ACK
2025-09-29 02:33:00,017 - INFO - ACK
2025-09-29 02:33:00,031 - INFO - ACK
2025-09-29 02:33:00,044 - INFO - ACK
2025-09-29 02:33:00,056 - INFO - ACK
2025-09-29 02:33:00,068 - INFO - ACK
2025-09-29 02:33:00,082 - INFO - ACK
2025-09-29 02:33:00,095 - INFO - ACK
2025-09-29 02:33:00,108 - INFO - ACK
2025-09-29 02:33:00,120 - INFO - ACK
2025-09-29 02:33:00,133 - INFO - ACK
2025-09-29 02:33:00,147 - INFO - ACK
2025-09-29 02:33:00,160 - INFO - ACK
2025-09-29 02:33:00,173 - INFO - ACK
2025-09-29 02:33:00,186 - INFO - ACK
2025-09-29 02:33:00,198 - INFO - ACK
2025-09-29 02:33:00,212 - INFO - ACK
2025-09-29 02:33:00,224 - INFO - ACK
2025-09-29 02:33:00,237 - INFO - ACK
2025-09-29 02:33:00,249 - INFO - ACK
2025-09-29 02:33:00,262 - INFO - ACK
2025-09-29 02:33:00,276 - INFO - ACK
2025-09-29 02:33:00,288 - INFO - ACK
2025-09-29 02:33:00,300 - INFO - ACK
2025-09-29 02:33:00,313 - INFO - ACK
2025-09-29 02:33:00,327 - INFO - ACK
2025-09-29 02:33:00,340 - INFO - ACK
2025-09-29 02:33:00,352 - INFO - ACK
2025-09-29 02:33:00,365 - INFO - ACK
2025-09-29 02:33:00,379 - INFO - ACK
2025-09-29 02:33:00,392 - INFO - ACK
2025-09-29 02:33:00,404 - INFO - ACK
2025-09-29 02:33:00,417 - INFO - ACK
2025-09-29 02:33:00,430 - INFO - ACK
2025-09-29 02:33:00,443 - INFO - ACK
2025-09-29 02:33:00,456 - INFO - ACK
2025-09-29 02:33:00,468 - INFO - ACK
2025-09-29 02:33:00,481 - INFO - ACK
2025-09-29 02:33:00,494 - INFO - ACK
2025-09-29 02:33:00,507 - INFO - ACK
2025-09-29 02:33:00,520 - INFO - ACK
2025-09-29 02:33:00,533 - INFO - ACK
2025-09-29 02:33:00,546 - INFO - ACK
2025-09-29 02:33:00,559 - INFO - ACK
2025-09-29 02:33:00,571 - INFO - ACK
2025-09-29 02:33:00,585 - INFO - ACK
2025-09-29 02:33:00,598 - INFO - ACK
2025-09-29 02:33:00,611 - INFO - ACK
2025-09-29 02:33:00,623 - INFO - ACK
2025-09-29 02:33:00,636 - INFO - ACK
2025-09-29 02:33:00,649 - INFO - ACK
2025-09-29 02:33:00,662 - INFO - ACK
2025-09-29 02:33:00,674 - INFO - ACK
2025-09-29 02:33:00,688 - INFO - ACK
2025-09-29 02:33:00,701 - INFO - ACK
2025-09-29 02:33:00,714 - INFO - ACK
2025-09-29 02:33:00,726 - INFO - ACK
2025-09-29 02:33:00,738 - INFO - ACK
2025-09-29 02:33:00,752 - INFO - ACK
2025-09-29 02:33:00,765 - INFO - ACK
2025-09-29 02:33:00,777 - INFO - ACK
2025-09-29 02:33:00,789 - INFO - ACK
2025-09-29 02:33:00,803 - INFO - ACK
2025-09-29 02:33:00,815 - INFO - ACK
2025-09-29 02:33:00,829 - INFO - ACK
2025-09-29 02:33:00,842 - INFO - ACK
2025-09-29 02:33:00,855 - INFO - ACK
2025-09-29 02:33:00,867 - INFO - ACK
2025-09-29 02:33:00,879 - INFO - ACK
2025-09-29 02:33:00,894 - INFO - ACK
2025-09-29 02:33:00,907 - INFO - ACK
2025-09-29 02:33:00,920 - INFO - ACK
2025-09-29 02:33:00,933 - INFO - ACK
2025-09-29 02:33:00,946 - INFO - ACK
2025-09-29 02:33:00,959 - INFO - ACK
2025-09-29 02:33:00,971 - INFO - ACK
2025-09-29 02:33:00,986 - INFO - ACK
2025-09-29 02:33:00,999 - INFO - ACK
2025-09-29 02:33:01,012 - INFO - ACK
2025-09-29 02:33:01,025 - INFO - ACK
2025-09-29 02:33:01,039 - INFO - ACK
2025-09-29 02:33:01,051 - INFO - ACK
2025-09-29 02:33:01,065 - INFO - ACK
2025-09-29 02:33:01,080 - INFO - ACK
2025-09-29 02:33:01,091 - INFO - ACK
2025-09-29 02:33:01,104 - INFO - ACK
2025-09-29 02:33:01,117 - INFO - ACK
2025-09-29 02:33:01,154 - INFO - ACK
2025-09-29 02:33:01,166 - INFO - ACK
2025-09-29 02:33:01,179 - INFO - ACK
2025-09-29 02:33:01,192 - INFO - ACK
2025-09-29 02:33:01,204 - INFO - ACK
2025-09-29 02:33:01,216 - INFO - ACK
2025-09-29 02:33:01,229 - INFO - ACK
2025-09-29 02:33:01,241 - INFO - ACK
2025-09-29 02:33:01,254 - INFO - ACK
2025-09-29 02:33:01,267 - INFO - ACK
2025-09-29 02:33:01,280 - INFO - ACK
2025-09-29 02:33:01,292 - INFO - ACK
2025-09-29 02:33:01,304 - INFO - ACK
2025-09-29 02:33:01,317 - INFO - ACK
2025-09-29 02:33:01,331 - INFO - ACK
2025-09-29 02:33:01,344 - INFO - ACK
2025-09-29 02:33:01,357 - INFO - ACK
2025-09-29 02:33:01,370 - INFO - ACK
2025-09-29 02:33:01,383 - INFO - ACK
2025-09-29 02:33:01,395 - INFO - ACK
2025-09-29 02:33:01,407 - INFO - ACK
2025-09-29 02:33:01,420 - INFO - ACK
2025-09-29 02:33:01,434 - INFO - ACK
2025-09-29 02:33:01,446 - INFO - ACK
2025-09-29 02:33:01,460 - INFO - ACK
2025-09-29 02:33:01,472 - INFO - ACK
2025-09-29 02:33:01,485 - INFO - ACK
2025-09-29 02:33:01,498 - INFO - ACK
2025-09-29 02:33:01,510 - INFO - ACK
2025-09-29 02:33:01,523 - INFO - ACK
2025-09-29 02:33:01,536 - INFO - ACK
2025-09-29 02:33:01,547 - INFO - ACK
2025-09-29 02:33:01,560 - INFO - ACK
2025-09-29 02:33:01,574 - INFO - ACK
2025-09-29 02:33:01,587 - INFO - ACK
2025-09-29 02:33:01,600 - INFO - ACK
2025-09-29 02:33:01,613 - INFO - ACK
2025-09-29 02:33:01,626 - INFO - ACK
2025-09-29 02:33:01,639 - INFO - ACK
2025-09-29 02:33:01,652 - INFO - ACK
2025-09-29 02:33:01,665 - INFO - ACK
2025-09-29 02:33:01,677 - INFO - ACK
2025-09-29 02:33:01,690 - INFO - ACK
2025-09-29 02:33:01,703 - INFO - ACK
2025-09-29 02:33:01,715 - INFO - ACK
2025-09-29 02:33:01,731 - INFO - ACK
2025-09-29 02:33:01,744 - INFO - ACK
2025-09-29 02:33:01,757 - INFO - ACK
2025-09-29 02:33:01,770 - INFO - ACK
2025-09-29 02:33:01,783 - INFO - ACK
2025-09-29 02:33:01,795 - INFO - ACK
2025-09-29 02:33:01,808 - INFO - ACK
2025-09-29 02:33:01,822 - INFO - ACK
2025-09-29 02:33:01,835 - INFO - ACK
2025-09-29 02:33:01,848 - INFO - ACK
2025-09-29 02:33:01,861 - INFO - ACK
2025-09-29 02:33:01,874 - INFO - ACK
2025-09-29 02:33:01,887 - INFO - ACK
2025-09-29 02:33:01,900 - INFO - ACK
2025-09-29 02:33:01,915 - INFO - ACK
2025-09-29 02:33:01,926 - INFO - ACK
2025-09-29 02:33:01,940 - INFO - ACK
2025-09-29 02:33:01,953 - INFO - ACK
2025-09-29 02:33:01,965 - INFO - ACK
2025-09-29 02:33:01,977 - INFO - ACK
2025-09-29 02:33:01,991 - INFO - ACK
2025-09-29 02:33:02,005 - INFO - ACK
2025-09-29 02:33:02,018 - INFO - ACK
2025-09-29 02:33:02,031 - INFO - ACK
2025-09-29 02:33:02,043 - INFO - ACK
2025-09-29 02:33:02,057 - INFO - ACK
2025-09-29 02:33:02,070 - INFO - ACK
2025-09-29 02:33:02,083 - INFO - ACK
2025-09-29 02:33:02,096 - INFO - ACK
2025-09-29 02:33:02,109 - INFO - ACK
2025-09-29 02:33:02,121 - INFO - ACK
2025-09-29 02:33:02,133 - INFO - ACK
2025-09-29 02:33:02,145 - INFO - ACK
2025-09-29 02:33:02,159 - INFO - ACK
2025-09-29 02:33:02,171 - INFO - ACK
2025-09-29 02:33:02,185 - INFO - ACK
2025-09-29 02:33:02,198 - INFO - ACK
2025-09-29 02:33:02,210 - INFO - ACK
2025-09-29 02:33:02,223 - INFO - ACK
2025-09-29 02:33:02,235 - INFO - ACK
2025-09-29 02:33:02,247 - INFO - ACK
2025-09-29 02:33:02,260 - INFO - ACK
2025-09-29 02:33:02,273 - INFO - ACK
2025-09-29 02:33:02,286 - INFO - ACK
2025-09-29 02:33:02,299 - INFO - ACK
2025-09-29 02:33:02,312 - INFO - ACK
2025-09-29 02:33:02,325 - INFO - ACK
2025-09-29 02:33:02,338 - INFO - ACK
2025-09-29 02:33:02,350 - INFO - ACK
2025-09-29 02:33:02,363 - INFO - ACK
2025-09-29 02:33:02,375 - INFO - ACK
2025-09-29 02:33:02,388 - INFO - ACK
2025-09-29 02:33:02,400 - INFO - ACK
2025-09-29 02:33:02,412 - INFO - ACK
2025-09-29 02:33:02,425 - INFO - ACK
2025-09-29 02:33:02,437 - INFO - ACK
2025-09-29 02:33:02,451 - INFO - ACK
2025-09-29 02:33:02,464 - INFO - ACK
2025-09-29 02:33:02,477 - INFO - ACK
2025-09-29 02:33:02,490 - INFO - ACK
2025-09-29 02:33:02,503 - INFO - ACK
2025-09-29 02:33:02,515 - INFO - ACK
2025-09-29 02:33:02,528 - INFO - ACK
2025-09-29 02:33:02,541 - INFO - ACK
2025-09-29 02:33:02,556 - INFO - ACK
2025-09-29 02:33:02,568 - INFO - ACK
2025-09-29 02:33:02,580 - INFO - ACK
2025-09-29 02:33:02,593 - INFO - ACK
2025-09-29 02:33:02,606 - INFO - ACK
2025-09-29 02:33:02,619 - INFO - ACK
2025-09-29 02:33:02,632 - INFO - ACK
2025-09-29 02:33:02,645 - INFO - ACK
2025-09-29 02:33:02,659 - INFO - ACK
2025-09-29 02:33:02,672 - INFO - ACK
2025-09-29 02:33:02,683 - INFO - ACK
2025-09-29 02:33:02,697 - INFO - ACK
2025-09-29 02:33:02,710 - INFO - ACK
2025-09-29 02:33:02,723 - INFO - ACK
2025-09-29 02:33:02,736 - INFO - ACK
2025-09-29 02:33:02,749 - INFO - ACK
2025-09-29 02:33:02,762 - INFO - ACK
2025-09-29 02:33:02,775 - INFO - ACK
2025-09-29 02:33:02,788 - INFO - ACK
2025-09-29 02:33:02,800 - INFO - ACK
2025-09-29 02:33:02,813 - INFO - ACK
2025-09-29 02:33:02,826 - INFO - ACK
2025-09-29 02:33:02,839 - INFO - ACK
2025-09-29 02:33:02,852 - INFO - ACK
2025-09-29 02:33:02,865 - INFO - ACK
2025-09-29 02:33:02,878 - INFO - ACK
2025-09-29 02:33:02,892 - INFO - ACK
2025-09-29 02:33:02,905 - INFO - ACK
2025-09-29 02:33:02,918 - INFO - ACK
2025-09-29 02:33:02,930 - INFO - ACK
2025-09-29 02:33:02,944 - INFO - ACK
2025-09-29 02:33:02,982 - INFO - ACK
2025-09-29 02:33:02,995 - INFO - ACK
2025-09-29 02:33:03,008 - INFO - ACK
2025-09-29 02:33:03,021 - INFO - ACK
2025-09-29 02:33:03,035 - INFO - ACK
2025-09-29 02:33:03,047 - INFO - ACK
2025-09-29 02:33:03,060 - INFO - ACK
2025-09-29 02:33:03,073 - INFO - ACK
2025-09-29 02:33:03,086 - INFO - ACK
2025-09-29 02:33:03,099 - INFO - ACK
2025-09-29 02:33:03,112 - INFO - ACK
2025-09-29 02:33:03,124 - INFO - ACK
2025-09-29 02:33:03,138 - INFO - ACK
2025-09-29 02:33:03,151 - INFO - ACK
2025-09-29 02:33:03,164 - INFO - ACK
2025-09-29 02:33:03,177 - INFO - ACK
2025-09-29 02:33:03,190 - INFO - ACK
2025-09-29 02:33:03,202 - INFO - ACK
2025-09-29 02:33:03,215 - INFO - ACK
2025-09-29 02:33:03,229 - INFO - ACK
2025-09-29 02:33:03,242 - INFO - ACK
2025-09-29 02:33:03,255 - INFO - ACK
2025-09-29 02:33:03,268 - INFO - ACK
2025-09-29 02:33:03,281 - INFO - ACK
2025-09-29 02:33:03,294 - INFO - ACK
2025-09-29 02:33:03,306 - INFO - ACK
2025-09-29 02:33:03,319 - INFO - ACK
2025-09-29 02:33:03,332 - INFO - ACK
2025-09-29 02:33:03,345 - INFO - ACK
2025-09-29 02:33:03,357 - INFO - ACK
2025-09-29 02:33:03,370 - INFO - ACK
2025-09-29 02:33:03,383 - INFO - ACK
2025-09-29 02:33:03,396 - INFO - ACK
2025-09-29 02:33:03,409 - INFO - ACK
2025-09-29 02:33:03,421 - INFO - ACK
2025-09-29 02:33:03,434 - INFO - ACK
2025-09-29 02:33:03,447 - INFO - ACK
2025-09-29 02:33:03,460 - INFO - ACK
2025-09-29 02:33:03,472 - INFO - ACK
2025-09-29 02:33:03,486 - INFO - ACK
2025-09-29 02:33:03,499 - INFO - ACK
2025-09-29 02:33:03,512 - INFO - ACK
2025-09-29 02:33:03,524 - INFO - ACK
2025-09-29 02:33:03,537 - INFO - ACK
2025-09-29 02:33:03,550 - INFO - ACK
2025-09-29 02:33:03,562 - INFO - ACK
2025-09-29 02:33:03,575 - INFO - ACK
2025-09-29 02:33:03,587 - INFO - ACK
2025-09-29 02:33:03,601 - INFO - ACK
2025-09-29 02:33:03,614 - INFO - ACK
2025-09-29 02:33:03,627 - INFO - ACK
2025-09-29 02:33:03,640 - INFO - ACK
2025-09-29 02:33:03,653 - INFO - ACK
2025-09-29 02:33:03,666 - INFO - ACK
2025-09-29 02:33:03,679 - INFO - ACK
2025-09-29 02:33:03,692 - INFO - ACK
2025-09-29 02:33:03,705 - INFO - ACK
2025-09-29 02:33:03,717 - INFO - ACK
2025-09-29 02:33:03,730 - INFO - ACK
2025-09-29 02:33:03,742 - INFO - ACK
2025-09-29 02:33:03,755 - INFO - ACK
2025-09-29 02:33:03,768 - INFO - ACK
2025-09-29 02:33:03,781 - INFO - ACK
2025-09-29 02:33:03,792 - INFO - ACK
2025-09-29 02:33:03,805 - INFO - ACK
2025-09-29 02:33:03,816 - INFO - ACK
2025-09-29 02:33:03,829 - INFO - ACK
2025-09-29 02:33:03,843 - INFO - ACK
2025-09-29 02:33:03,856 - INFO - ACK
2025-09-29 02:33:03,869 - INFO - ACK
2025-09-29 02:33:03,882 - INFO - ACK
2025-09-29 02:33:03,895 - INFO - ACK
2025-09-29 02:33:03,907 - INFO - ACK
2025-09-29 02:33:03,920 - INFO - ACK
2025-09-29 02:33:03,933 - INFO - ACK
2025-09-29 02:33:03,945 - INFO - ACK
2025-09-29 02:33:03,958 - INFO - ACK
2025-09-29 02:33:03,971 - INFO - ACK
2025-09-29 02:33:03,984 - INFO - ACK
2025-09-29 02:33:03,997 - INFO - ACK
2025-09-29 02:33:04,010 - INFO - ACK
2025-09-29 02:33:04,022 - INFO - ACK
2025-09-29 02:33:04,035 - INFO - ACK
2025-09-29 02:33:04,048 - INFO - ACK
2025-09-29 02:33:04,061 - INFO - ACK
2025-09-29 02:33:04,074 - INFO - ACK
2025-09-29 02:33:04,087 - INFO - ACK
2025-09-29 02:33:04,100 - INFO - ACK
2025-09-29 02:33:04,113 - INFO - ACK
2025-09-29 02:33:04,126 - INFO - ACK
2025-09-29 02:33:04,139 - INFO - ACK
2025-09-29 02:33:04,152 - INFO - ACK
2025-09-29 02:33:04,165 - INFO - ACK
2025-09-29 02:33:04,178 - INFO - ACK
2025-09-29 02:33:04,191 - INFO - ACK
2025-09-29 02:33:04,204 - INFO - ACK
2025-09-29 02:33:04,217 - INFO - ACK
2025-09-29 02:33:04,232 - INFO - ACK
2025-09-29 02:33:04,244 - INFO - ACK
2025-09-29 02:33:04,255 - INFO - ACK
2025-09-29 02:33:04,268 - INFO - ACK
2025-09-29 02:33:04,281 - INFO - ACK
2025-09-29 02:33:04,294 - INFO - ACK
2025-09-29 02:33:04,308 - INFO - ACK
2025-09-29 02:33:04,321 - INFO - ACK
2025-09-29 02:33:04,334 - INFO - ACK
2025-09-29 02:33:04,347 - INFO - ACK
2025-09-29 02:33:04,360 - INFO - ACK
2025-09-29 02:33:04,373 - INFO - ACK
2025-09-29 02:33:04,386 - INFO - ACK
2025-09-29 02:33:04,399 - INFO - ACK
2025-09-29 02:33:04,411 - INFO - ACK
2025-09-29 02:33:04,424 - INFO - ACK
2025-09-29 02:33:04,438 - INFO - ACK
2025-09-29 02:33:04,450 - INFO - ACK
2025-09-29 02:33:04,463 - INFO - ACK
2025-09-29 02:33:04,476 - INFO - ACK
2025-09-29 02:33:04,489 - INFO - ACK
2025-09-29 02:33:04,502 - INFO - ACK
2025-09-29 02:33:04,515 - INFO - ACK
2025-09-29 02:33:04,528 - INFO - ACK
2025-09-29 02:33:04,541 - INFO - ACK
2025-09-29 02:33:04,553 - INFO - ACK
2025-09-29 02:33:04,565 - INFO - ACK
2025-09-29 02:33:04,578 - INFO - ACK
2025-09-29 02:33:04,591 - INFO - ACK
2025-09-29 02:33:04,604 - INFO - ACK
2025-09-29 02:33:04,617 - INFO - ACK
2025-09-29 02:33:04,630 - INFO - ACK
2025-09-29 02:33:04,643 - INFO - ACK
2025-09-29 02:33:04,656 - INFO - ACK
2025-09-29 02:33:04,669 - INFO - ACK
2025-09-29 02:33:04,681 - INFO - ACK
2025-09-29 02:33:04,694 - INFO - ACK
2025-09-29 02:33:04,706 - INFO - ACK
2025-09-29 02:33:04,718 - INFO - ACK
2025-09-29 02:33:04,731 - INFO - ACK
2025-09-29 02:33:04,768 - INFO - ACK
2025-09-29 02:33:04,781 - INFO - ACK
2025-09-29 02:33:04,794 - INFO - ACK
2025-09-29 02:33:04,806 - INFO - ACK
2025-09-29 02:33:04,818 - INFO - ACK
2025-09-29 02:33:04,831 - INFO - ACK
2025-09-29 02:33:04,844 - INFO - ACK
2025-09-29 02:33:04,857 - INFO - ACK
2025-09-29 02:33:04,869 - INFO - ACK
2025-09-29 02:33:04,883 - INFO - ACK
2025-09-29 02:33:04,895 - INFO - ACK
2025-09-29 02:33:04,909 - INFO - ACK
2025-09-29 02:33:04,922 - INFO - ACK
2025-09-29 02:33:04,935 - INFO - ACK
2025-09-29 02:33:04,948 - INFO - ACK
2025-09-29 02:33:04,963 - INFO - ACK
2025-09-29 02:33:04,976 - INFO - ACK
2025-09-29 02:33:04,989 - INFO - ACK
2025-09-29 02:33:05,002 - INFO - ACK
2025-09-29 02:33:05,014 - INFO - ACK
2025-09-29 02:33:05,026 - INFO - ACK
2025-09-29 02:33:05,040 - INFO - ACK
2025-09-29 02:33:05,053 - INFO - ACK
2025-09-29 02:33:05,066 - INFO - ACK
2025-09-29 02:33:05,078 - INFO - ACK
2025-09-29 02:33:05,091 - INFO - ACK
2025-09-29 02:33:05,105 - INFO - ACK
2025-09-29 02:33:05,118 - INFO - ACK
2025-09-29 02:33:05,131 - INFO - ACK
2025-09-29 02:33:05,144 - INFO - ACK
2025-09-29 02:33:05,158 - INFO - ACK
2025-09-29 02:33:05,171 - INFO - ACK
2025-09-29 02:33:05,183 - INFO - ACK
2025-09-29 02:33:05,197 - INFO - ACK
2025-09-29 02:33:05,210 - INFO - ACK
2025-09-29 02:33:05,222 - INFO - ACK
2025-09-29 02:33:05,236 - INFO - ACK
2025-09-29 02:33:05,248 - INFO - ACK
2025-09-29 02:33:05,261 - INFO - ACK
2025-09-29 02:33:05,274 - INFO - ACK
2025-09-29 02:33:05,288 - INFO - ACK
2025-09-29 02:33:05,301 - INFO - ACK
2025-09-29 02:33:05,314 - INFO - ACK
2025-09-29 02:33:05,326 - INFO - ACK
2025-09-29 02:33:05,340 - INFO - ACK
2025-09-29 02:33:05,353 - INFO - ACK
2025-09-29 02:33:05,366 - INFO - ACK
2025-09-29 02:33:05,379 - INFO - ACK
2025-09-29 02:33:05,392 - INFO - ACK
2025-09-29 02:33:05,407 - INFO - ACK
2025-09-29 02:33:05,420 - INFO - ACK
2025-09-29 02:33:05,435 - INFO - ACK
2025-09-29 02:33:05,449 - INFO - ACK
2025-09-29 02:33:05,462 - INFO - ACK
2025-09-29 02:33:05,475 - INFO - ACK
2025-09-29 02:33:05,488 - INFO - ACK
2025-09-29 02:33:05,502 - INFO - ACK
2025-09-29 02:33:05,515 - INFO - ACK
2025-09-29 02:33:05,528 - INFO - ACK
2025-09-29 02:33:05,541 - INFO - ACK
2025-09-29 02:33:05,554 - INFO - ACK
2025-09-29 02:33:05,567 - INFO - ACK
2025-09-29 02:33:05,580 - INFO - ACK
2025-09-29 02:33:05,592 - INFO - ACK
2025-09-29 02:33:05,606 - INFO - ACK
2025-09-29 02:33:05,619 - INFO - ACK
2025-09-29 02:33:05,632 - INFO - ACK
2025-09-29 02:33:05,645 - INFO - ACK
2025-09-29 02:33:05,658 - INFO - ACK
2025-09-29 02:33:05,672 - INFO - ACK
2025-09-29 02:33:05,685 - INFO - ACK
2025-09-29 02:33:05,699 - INFO - ACK
2025-09-29 02:33:05,712 - INFO - ACK
2025-09-29 02:33:05,725 - INFO - ACK
2025-09-29 02:33:05,739 - INFO - ACK
2025-09-29 02:33:05,752 - INFO - ACK
2025-09-29 02:33:05,765 - INFO - ACK
2025-09-29 02:33:05,778 - INFO - ACK
2025-09-29 02:33:05,791 - INFO - ACK
2025-09-29 02:33:05,804 - INFO - ACK
2025-09-29 02:33:05,818 - INFO - ACK
2025-09-29 02:33:05,831 - INFO - ACK
2025-09-29 02:33:05,844 - INFO - ACK
2025-09-29 02:33:05,857 - INFO - ACK
2025-09-29 02:33:05,870 - INFO - ACK
2025-09-29 02:33:05,883 - INFO - ACK
2025-09-29 02:33:05,898 - INFO - ACK
2025-09-29 02:33:05,911 - INFO - ACK
2025-09-29 02:33:05,923 - INFO - ACK
2025-09-29 02:33:05,937 - INFO - ACK
2025-09-29 02:33:05,950 - INFO - ACK
2025-09-29 02:33:05,963 - INFO - ACK
2025-09-29 02:33:05,976 - INFO - ACK
2025-09-29 02:33:05,988 - INFO - ACK
2025-09-29 02:33:06,000 - INFO - ACK
2025-09-29 02:33:06,014 - INFO - ACK
2025-09-29 02:33:06,026 - INFO - ACK
2025-09-29 02:33:06,038 - INFO - ACK
2025-09-29 02:33:06,052 - INFO - ACK
2025-09-29 02:33:06,064 - INFO - ACK
2025-09-29 02:33:06,076 - INFO - ACK
2025-09-29 02:33:06,089 - INFO - ACK
2025-09-29 02:33:06,101 - INFO - ACK
2025-09-29 02:33:06,114 - INFO - ACK
2025-09-29 02:33:06,126 - INFO - ACK
2025-09-29 02:33:06,139 - INFO - ACK
2025-09-29 02:33:06,152 - INFO - ACK
2025-09-29 02:33:06,165 - INFO - ACK
2025-09-29 02:33:06,177 - INFO - ACK
2025-09-29 02:33:06,191 - INFO - ACK
2025-09-29 02:33:06,204 - INFO - ACK
2025-09-29 02:33:06,217 - INFO - ACK
2025-09-29 02:33:06,231 - INFO - ACK
2025-09-29 02:33:06,244 - INFO - ACK
2025-09-29 02:33:06,257 - INFO - ACK
2025-09-29 02:33:06,270 - INFO - ACK
2025-09-29 02:33:06,283 - INFO - ACK
2025-09-29 02:33:06,296 - INFO - ACK
2025-09-29 02:33:06,309 - INFO - ACK
2025-09-29 02:33:06,322 - INFO - ACK
2025-09-29 02:33:06,335 - INFO - ACK
2025-09-29 02:33:06,348 - INFO - ACK
2025-09-29 02:33:06,362 - INFO - ACK
2025-09-29 02:33:06,374 - INFO - ACK
2025-09-29 02:33:06,387 - INFO - ACK
2025-09-29 02:33:06,399 - INFO - ACK
2025-09-29 02:33:06,413 - INFO - ACK
2025-09-29 02:33:06,425 - INFO - ACK
2025-09-29 02:33:06,438 - INFO - ACK
2025-09-29 02:33:06,451 - INFO - ACK
2025-09-29 02:33:06,488 - INFO - ACK
2025-09-29 02:33:06,501 - INFO - ACK
2025-09-29 02:33:06,514 - INFO - ACK
2025-09-29 02:33:06,526 - INFO - ACK
2025-09-29 02:33:06,539 - INFO - ACK
2025-09-29 02:33:06,552 - INFO - ACK
2025-09-29 02:33:06,564 - INFO - ACK
2025-09-29 02:33:06,577 - INFO - ACK
2025-09-29 02:33:06,590 - INFO - ACK
2025-09-29 02:33:06,603 - INFO - ACK
2025-09-29 02:33:06,615 - INFO - ACK
2025-09-29 02:33:06,629 - INFO - ACK
2025-09-29 02:33:06,642 - INFO - ACK
2025-09-29 02:33:06,655 - INFO - ACK
2025-09-29 02:33:06,668 - INFO - ACK
2025-09-29 02:33:06,681 - INFO - ACK
2025-09-29 02:33:06,694 - INFO - ACK
2025-09-29 02:33:06,707 - INFO - ACK
2025-09-29 02:33:06,720 - INFO - ACK
2025-09-29 02:33:06,735 - INFO - ACK
2025-09-29 02:33:06,748 - INFO - ACK
2025-09-29 02:33:06,761 - INFO - ACK
2025-09-29 02:33:06,774 - INFO - ACK
2025-09-29 02:33:06,787 - INFO - ACK
2025-09-29 02:33:06,800 - INFO - ACK
2025-09-29 02:33:06,813 - INFO - ACK
2025-09-29 02:33:06,828 - INFO - ACK
2025-09-29 02:33:06,841 - INFO - ACK
2025-09-29 02:33:06,854 - INFO - ACK
2025-09-29 02:33:06,867 - INFO - ACK
2025-09-29 02:33:06,879 - INFO - ACK
2025-09-29 02:33:06,893 - INFO - ACK
2025-09-29 02:33:06,906 - INFO - ACK
2025-09-29 02:33:06,918 - INFO - ACK
2025-09-29 02:33:06,932 - INFO - ACK
2025-09-29 02:48:43,705 - INFO - ACK
2025-09-29 02:48:53,597 - INFO - ACK
2025-09-29 02:48:53,671 - INFO - ACK
2025-09-29 02:48:53,678 - INFO - Sample: id=1, val=0.000
2025-09-29 02:48:53,694 - INFO - Sample: id=2, val=74.000
2025-09-29 02:48:53,762 - INFO - Sample: id=1, val=0.000
2025-09-29 02:48:53,768 - INFO - Sample: id=2, val=74.000
2025-09-29 02:48:53,858 - INFO - Sample: id=1, val=0.000
2025-09-29 02:48:53,861 - INFO - Sample: id=2, val=74.000
2025-09-29 02:48:53,959 - INFO - Sample: id=1, val=0.000
2025-09-29 02:48:53,961 - INFO - Sample: id=2, val=74.000
2025-09-29 02:48:54,058 - INFO - Sample: id=1, val=0.000
2025-09-29 02:48:54,060 - INFO - Sample: id=2, val=74.000
2025-09-29 02:48:54,158 - INFO - Sample: id=1, val=0.000
2025-09-29 02:48:54,160 - INFO - Sample: id=2, val=74.000
2025-09-29 02:48:54,258 - INFO - Sample: id=1, val=0.000
2025-09-29 02:48:54,261 - INFO - Sample: id=2, val=74.000
2025-09-29 02:48:54,358 - INFO - Sample: id=1, val=0.000
2025-09-29 02:48:54,362 - INFO - Sample: id=2, val=74.000
2025-09-29 02:48:54,459 - INFO - Sample: id=1, val=0.000
2025-09-29 02:48:54,462 - INFO - Sample: id=2, val=74.000
2025-09-29 02:48:54,559 - INFO - Sample: id=1, val=0.000
2025-09-29 02:48:54,562 - INFO - Sample: id=2, val=74.000
2025-09-29 02:48:54,658 - INFO - Sample: id=1, val=0.000
2025-09-29 02:48:54,660 - INFO - Sample: id=2, val=74.000
2025-09-29 02:48:54,758 - INFO - Sample: id=1, val=0.000
2025-09-29 02:48:54,761 - INFO - Sample: id=2, val=74.000
2025-09-29 02:48:54,858 - INFO - Sample: id=1, val=0.000
2025-09-29 02:48:54,861 - INFO - Sample: id=2, val=74.000
2025-09-29 02:48:54,959 - INFO - Sample: id=1, val=0.000
2025-09-29 02:48:54,963 - INFO - Sample: id=2, val=74.000
2025-09-29 02:48:55,059 - INFO - Sample: id=1, val=0.000
2025-09-29 02:48:55,061 - INFO - Sample: id=2, val=74.000
2025-09-29 02:48:55,159 - INFO - Sample: id=1, val=0.000
2025-09-29 02:48:55,162 - INFO - Sample: id=2, val=74.000
2025-09-29 02:48:55,259 - INFO - Sample: id=1, val=0.000
2025-09-29 02:48:55,261 - INFO - Sample: id=2, val=74.000
2025-09-29 02:48:55,359 - INFO - Sample: id=1, val=0.000
2025-09-29 02:48:55,361 - INFO - Sample: id=2, val=74.000
2025-09-29 02:48:55,459 - INFO - Sample: id=1, val=0.000
2025-09-29 02:48:55,461 - INFO - Sample: id=2, val=74.000
2025-09-29 02:48:55,558 - INFO - Sample: id=1, val=0.000
2025-09-29 02:48:55,561 - INFO - Sample: id=2, val=74.000
2025-09-29 02:48:55,658 - INFO - Sample: id=1, val=0.000
2025-09-29 02:48:55,660 - INFO - Sample: id=2, val=74.000
2025-09-29 02:48:55,759 - INFO - Sample: id=1, val=0.000
2025-09-29 02:48:55,762 - INFO - Sample: id=2, val=74.000
2025-09-29 02:48:55,859 - INFO - Sample: id=1, val=0.000
2025-09-29 02:48:55,862 - INFO - Sample: id=2, val=74.000
2025-09-29 02:48:55,958 - INFO - Sample: id=1, val=0.000
2025-09-29 02:48:55,960 - INFO - Sample: id=2, val=74.000
2025-09-29 02:48:56,059 - INFO - Sample: id=1, val=0.000
2025-09-29 02:48:56,060 - INFO - Sample: id=2, val=74.000
2025-09-29 02:48:56,158 - INFO - Sample: id=1, val=0.000
2025-09-29 02:48:56,161 - INFO - Sample: id=2, val=74.000
2025-09-29 02:48:56,259 - INFO - Sample: id=1, val=0.000
2025-09-29 02:48:56,261 - INFO - Sample: id=2, val=74.000
2025-09-29 02:48:56,359 - INFO - Sample: id=1, val=0.000
2025-09-29 02:48:56,361 - INFO - Sample: id=2, val=74.000
2025-09-29 02:48:56,459 - INFO - Sample: id=1, val=0.000
2025-09-29 02:48:56,462 - INFO - Sample: id=2, val=74.000
2025-09-29 02:48:56,559 - INFO - Sample: id=1, val=0.000
2025-09-29 02:48:56,561 - INFO - Sample: id=2, val=74.000
2025-09-29 02:48:56,603 - INFO - ACK
2025-09-29 02:48:56,604 - INFO - ACK
2025-09-29 02:48:56,660 - INFO - Sample: id=1, val=0.000
2025-09-29 02:48:56,662 - INFO - Sample: id=2, val=74.000
2025-09-29 02:48:56,759 - INFO - Sample: id=1, val=0.000
2025-09-29 02:48:56,761 - INFO - Sample: id=2, val=74.000
2025-09-29 02:48:56,859 - INFO - Sample: id=1, val=0.000
2025-09-29 02:48:56,862 - INFO - Sample: id=2, val=74.000
2025-09-29 02:48:56,958 - INFO - Sample: id=1, val=0.000
2025-09-29 02:48:56,960 - INFO - Sample: id=2, val=74.000
2025-09-29 02:48:57,058 - INFO - Sample: id=1, val=0.000
2025-09-29 02:48:57,060 - INFO - Sample: id=2, val=74.000
2025-09-29 02:48:57,158 - INFO - Sample: id=1, val=0.000
2025-09-29 02:48:57,161 - INFO - Sample: id=2, val=74.000
2025-09-29 02:48:57,259 - INFO - Sample: id=1, val=0.000
2025-09-29 02:48:57,262 - INFO - Sample: id=2, val=74.000
2025-09-29 02:48:57,359 - INFO - Sample: id=1, val=0.000
2025-09-29 02:48:57,362 - INFO - Sample: id=2, val=74.000
2025-09-29 02:48:57,460 - INFO - Sample: id=1, val=0.000
2025-09-29 02:48:57,463 - INFO - Sample: id=2, val=74.000
2025-09-29 02:48:57,559 - INFO - Sample: id=1, val=0.000
2025-09-29 02:48:57,562 - INFO - Sample: id=2, val=74.000
2025-09-29 02:48:57,659 - INFO - Sample: id=1, val=0.000
2025-09-29 02:48:57,661 - INFO - Sample: id=2, val=74.000
2025-09-29 02:48:57,759 - INFO - Sample: id=1, val=0.000
2025-09-29 02:48:57,761 - INFO - Sample: id=2, val=74.000
2025-09-29 02:48:57,860 - INFO - Sample: id=1, val=0.000
2025-09-29 02:48:57,861 - INFO - Sample: id=2, val=74.000
2025-09-29 02:48:57,959 - INFO - Sample: id=1, val=0.000
2025-09-29 02:48:57,960 - INFO - Sample: id=2, val=74.000
2025-09-29 02:48:58,058 - INFO - Sample: id=1, val=0.000
2025-09-29 02:48:58,061 - INFO - Sample: id=2, val=73.000
2025-09-29 02:48:58,159 - INFO - Sample: id=1, val=0.000
2025-09-29 02:48:58,161 - INFO - Sample: id=2, val=74.000
2025-09-29 02:48:58,259 - INFO - Sample: id=1, val=0.000
2025-09-29 02:48:58,261 - INFO - Sample: id=2, val=74.000
2025-09-29 02:48:58,359 - INFO - Sample: id=1, val=0.000
2025-09-29 02:48:58,361 - INFO - Sample: id=2, val=74.000
2025-09-29 02:48:58,458 - INFO - Sample: id=1, val=0.000
2025-09-29 02:48:58,461 - INFO - Sample: id=2, val=74.000
2025-09-29 02:48:58,560 - INFO - Sample: id=1, val=0.000
2025-09-29 02:48:58,562 - INFO - Sample: id=2, val=74.000
2025-09-29 02:48:58,659 - INFO - Sample: id=1, val=0.000
2025-09-29 02:48:58,662 - INFO - Sample: id=2, val=74.000
2025-09-29 02:48:58,758 - INFO - Sample: id=1, val=0.000
2025-09-29 02:48:58,762 - INFO - Sample: id=2, val=74.000
2025-09-29 02:48:58,860 - INFO - Sample: id=1, val=0.000
2025-09-29 02:48:58,862 - INFO - Sample: id=2, val=74.000
2025-09-29 02:48:58,959 - INFO - Sample: id=1, val=0.000
2025-09-29 02:48:58,961 - INFO - Sample: id=2, val=74.000
2025-09-29 02:48:59,058 - INFO - Sample: id=1, val=0.000
2025-09-29 02:48:59,061 - INFO - Sample: id=2, val=74.000
2025-09-29 02:48:59,158 - INFO - Sample: id=1, val=0.000
2025-09-29 02:48:59,161 - INFO - Sample: id=2, val=74.000
2025-09-29 02:48:59,258 - INFO - Sample: id=1, val=0.000
2025-09-29 02:48:59,260 - INFO - Sample: id=2, val=74.000
2025-09-29 02:48:59,312 - INFO - ACK
2025-09-29 02:48:59,312 - INFO - Ping gesendet
2025-09-29 02:48:59,315 - INFO - ACK
2025-09-29 02:48:59,358 - INFO - Sample: id=1, val=0.000
2025-09-29 02:48:59,360 - INFO - Sample: id=2, val=74.000
2025-09-29 02:48:59,459 - INFO - Sample: id=1, val=0.000
2025-09-29 02:48:59,461 - INFO - Sample: id=2, val=74.000
2025-09-29 02:48:59,559 - INFO - Sample: id=1, val=0.000
2025-09-29 02:48:59,561 - INFO - Sample: id=2, val=74.000
2025-09-29 02:48:59,606 - INFO - ACK
2025-09-29 02:48:59,608 - INFO - ACK
2025-09-29 02:48:59,659 - INFO - Sample: id=1, val=0.000
2025-09-29 02:48:59,661 - INFO - Sample: id=2, val=74.000
2025-09-29 02:48:59,759 - INFO - Sample: id=1, val=0.000
2025-09-29 02:48:59,760 - INFO - Sample: id=2, val=74.000
2025-09-29 02:48:59,859 - INFO - Sample: id=1, val=0.000
2025-09-29 02:48:59,860 - INFO - Sample: id=2, val=74.000
2025-09-29 02:48:59,959 - INFO - Sample: id=1, val=0.000
2025-09-29 02:48:59,961 - INFO - Sample: id=2, val=74.000
2025-09-29 02:49:00,059 - INFO - Sample: id=1, val=0.000
2025-09-29 02:49:00,061 - INFO - Sample: id=2, val=74.000
2025-09-29 02:49:00,159 - INFO - Sample: id=1, val=0.000
2025-09-29 02:49:00,162 - INFO - Sample: id=2, val=74.000
2025-09-29 02:49:00,258 - INFO - Sample: id=1, val=0.000
2025-09-29 02:49:00,261 - INFO - Sample: id=2, val=74.000
2025-09-29 02:49:00,358 - INFO - Sample: id=1, val=0.000
2025-09-29 02:49:00,361 - INFO - Sample: id=2, val=74.000
2025-09-29 02:49:00,458 - INFO - Sample: id=1, val=0.000
2025-09-29 02:49:00,460 - INFO - Sample: id=2, val=74.000
2025-09-29 02:49:00,558 - INFO - Sample: id=1, val=0.000
2025-09-29 02:49:00,560 - INFO - Sample: id=2, val=74.000
2025-09-29 02:49:00,658 - INFO - Sample: id=1, val=0.000
2025-09-29 02:49:00,660 - INFO - Sample: id=2, val=74.000
2025-09-29 02:49:00,758 - INFO - Sample: id=1, val=0.000
2025-09-29 02:49:00,760 - INFO - Sample: id=2, val=74.000
2025-09-29 02:49:00,859 - INFO - Sample: id=1, val=0.000
2025-09-29 02:49:00,862 - INFO - Sample: id=2, val=74.000
2025-09-29 02:49:00,918 - INFO - Ping gesendet
2025-09-29 02:49:00,919 - INFO - ACK
2025-09-29 02:49:00,921 - INFO - ACK
2025-09-29 02:49:00,959 - INFO - Sample: id=1, val=0.000
2025-09-29 02:49:00,961 - INFO - Sample: id=2, val=74.000
2025-09-29 02:49:01,058 - INFO - Sample: id=1, val=0.000
2025-09-29 02:49:01,061 - INFO - Sample: id=2, val=74.000
2025-09-29 02:49:01,158 - INFO - Sample: id=1, val=0.000
2025-09-29 02:49:01,161 - INFO - Sample: id=2, val=74.000
2025-09-29 02:49:01,258 - INFO - Sample: id=1, val=0.000
2025-09-29 02:49:01,260 - INFO - Sample: id=2, val=74.000
2025-09-29 02:49:01,359 - INFO - Sample: id=1, val=0.000
2025-09-29 02:49:01,360 - INFO - Sample: id=2, val=74.000
2025-09-29 02:49:01,458 - INFO - Sample: id=1, val=0.000
2025-09-29 02:49:01,460 - INFO - Sample: id=2, val=74.000
2025-09-29 02:49:01,558 - INFO - Sample: id=1, val=0.000
2025-09-29 02:49:01,562 - INFO - Sample: id=2, val=74.000
2025-09-29 02:49:01,658 - INFO - Sample: id=1, val=0.000
2025-09-29 02:49:01,660 - INFO - Sample: id=2, val=74.000
2025-09-29 02:49:01,758 - INFO - Sample: id=1, val=0.000
2025-09-29 02:49:01,761 - INFO - Sample: id=2, val=74.000
2025-09-29 02:49:01,858 - INFO - Sample: id=1, val=0.000
2025-09-29 02:49:01,860 - INFO - Sample: id=2, val=74.000
2025-09-29 02:49:01,958 - INFO - Sample: id=1, val=0.000
2025-09-29 02:49:01,961 - INFO - Sample: id=2, val=73.000
2025-09-29 02:49:02,058 - INFO - Sample: id=1, val=0.000
2025-09-29 02:49:02,060 - INFO - Sample: id=2, val=74.000
2025-09-29 02:49:02,126 - INFO - Ping gesendet
2025-09-29 02:49:02,128 - INFO - ACK
2025-09-29 02:49:02,130 - INFO - ACK
2025-09-29 02:49:02,159 - INFO - Sample: id=1, val=0.000
2025-09-29 02:49:02,161 - INFO - Sample: id=2, val=74.000
2025-09-29 02:49:02,257 - INFO - Sample: id=1, val=0.000
2025-09-29 02:49:02,261 - INFO - Sample: id=2, val=74.000
2025-09-29 02:49:02,358 - INFO - Sample: id=1, val=0.000
2025-09-29 02:49:02,361 - INFO - Sample: id=2, val=74.000
2025-09-29 02:49:02,458 - INFO - Sample: id=1, val=0.000
2025-09-29 02:49:02,461 - INFO - Sample: id=2, val=74.000
2025-09-29 02:49:02,560 - INFO - Sample: id=1, val=0.000
2025-09-29 02:49:02,562 - INFO - Sample: id=2, val=74.000
2025-09-29 02:49:02,610 - INFO - ACK
2025-09-29 02:49:02,613 - INFO - ACK
2025-09-29 02:49:02,659 - INFO - Sample: id=1, val=0.000
2025-09-29 02:49:02,661 - INFO - Sample: id=2, val=74.000
2025-09-29 02:49:02,759 - INFO - Sample: id=1, val=0.000
2025-09-29 02:49:02,760 - INFO - Sample: id=2, val=74.000
2025-09-29 02:49:02,857 - INFO - Sample: id=1, val=0.000
2025-09-29 02:49:02,860 - INFO - Sample: id=2, val=74.000
2025-09-29 02:49:02,960 - INFO - Sample: id=1, val=0.000
2025-09-29 02:49:02,962 - INFO - Sample: id=2, val=74.000
2025-09-29 02:49:03,059 - INFO - Sample: id=1, val=0.000
2025-09-29 02:49:03,061 - INFO - Sample: id=2, val=74.000
2025-09-29 02:49:03,159 - INFO - Sample: id=1, val=0.000
2025-09-29 02:49:03,161 - INFO - Sample: id=2, val=74.000
2025-09-29 02:49:03,260 - INFO - Sample: id=1, val=0.000
2025-09-29 02:49:03,263 - INFO - Sample: id=2, val=74.000
2025-09-29 02:49:03,359 - INFO - Sample: id=1, val=0.000
2025-09-29 02:49:03,361 - INFO - Sample: id=2, val=74.000
2025-09-29 02:49:03,459 - INFO - Sample: id=1, val=0.000
2025-09-29 02:49:03,462 - INFO - Sample: id=2, val=74.000
2025-09-29 02:49:03,559 - INFO - Sample: id=1, val=0.000
2025-09-29 02:49:03,561 - INFO - Sample: id=2, val=74.000
2025-09-29 02:49:03,659 - INFO - Sample: id=1, val=0.000
2025-09-29 02:49:03,661 - INFO - Sample: id=2, val=74.000
2025-09-29 02:49:03,758 - INFO - Sample: id=1, val=0.000
2025-09-29 02:49:03,761 - INFO - Sample: id=2, val=74.000
2025-09-29 02:49:03,859 - INFO - Sample: id=1, val=0.000
2025-09-29 02:49:03,860 - INFO - Sample: id=2, val=74.000
2025-09-29 02:49:03,958 - INFO - Sample: id=1, val=0.000
2025-09-29 02:49:03,961 - INFO - Sample: id=2, val=74.000
2025-09-29 02:49:04,059 - INFO - Sample: id=1, val=0.000
2025-09-29 02:49:04,061 - INFO - Sample: id=2, val=74.000
2025-09-29 02:49:04,158 - INFO - Sample: id=1, val=0.000
2025-09-29 02:49:04,162 - INFO - Sample: id=2, val=74.000
2025-09-29 02:49:04,260 - INFO - Sample: id=1, val=0.000
2025-09-29 02:49:04,264 - INFO - Sample: id=2, val=74.000
2025-09-29 02:49:04,358 - INFO - Sample: id=1, val=0.000
2025-09-29 02:49:04,360 - INFO - Sample: id=2, val=74.000
2025-09-29 02:49:04,459 - INFO - Sample: id=1, val=0.000
2025-09-29 02:49:04,462 - INFO - Sample: id=2, val=74.000
2025-09-29 02:49:04,558 - INFO - Sample: id=1, val=0.000
2025-09-29 02:49:04,562 - INFO - Sample: id=2, val=74.000
2025-09-29 02:49:04,658 - INFO - Sample: id=1, val=0.000
2025-09-29 02:49:04,659 - INFO - Sample: id=2, val=74.000
2025-09-29 02:49:04,758 - INFO - Sample: id=1, val=0.000
2025-09-29 02:49:04,760 - INFO - Sample: id=2, val=74.000
2025-09-29 02:49:04,859 - INFO - Sample: id=1, val=0.000
2025-09-29 02:49:04,860 - INFO - Sample: id=2, val=74.000
2025-09-29 02:49:04,958 - INFO - Sample: id=1, val=0.000
2025-09-29 02:49:04,960 - INFO - Sample: id=2, val=74.000
2025-09-29 02:49:05,059 - INFO - Sample: id=1, val=0.000
2025-09-29 02:49:05,061 - INFO - Sample: id=2, val=74.000
2025-09-29 02:49:05,159 - INFO - Sample: id=1, val=0.000
2025-09-29 02:49:05,161 - INFO - Sample: id=2, val=74.000
2025-09-29 02:49:05,259 - INFO - Sample: id=1, val=0.000
2025-09-29 02:49:05,261 - INFO - Sample: id=2, val=74.000
2025-09-29 02:49:05,303 - INFO - GetSettings angefordert
2025-09-29 02:49:05,310 - INFO - Settings: current_signal_selection_state=True, action_state=1, ts=1500672483
2025-09-29 02:49:05,360 - INFO - Sample: id=1, val=0.000
2025-09-29 02:49:05,363 - INFO - Sample: id=2, val=74.000
2025-09-29 02:49:05,459 - INFO - Sample: id=1, val=0.000
2025-09-29 02:49:05,461 - INFO - Sample: id=2, val=74.000
2025-09-29 02:49:05,558 - INFO - Sample: id=1, val=0.000
2025-09-29 02:49:05,560 - INFO - Sample: id=2, val=74.000
2025-09-29 02:49:05,615 - INFO - ACK
2025-09-29 02:49:05,618 - INFO - ACK
2025-09-29 02:49:05,659 - INFO - Sample: id=1, val=0.000
2025-09-29 02:49:05,661 - INFO - Sample: id=2, val=74.000
2025-09-29 02:49:05,758 - INFO - Sample: id=1, val=0.000
2025-09-29 02:49:05,761 - INFO - Sample: id=2, val=74.000
2025-09-29 02:49:05,859 - INFO - Sample: id=1, val=0.000
2025-09-29 02:49:05,861 - INFO - Sample: id=2, val=74.000
2025-09-29 02:49:05,957 - INFO - Sample: id=1, val=0.000
2025-09-29 02:49:05,959 - INFO - Sample: id=2, val=74.000
2025-09-29 02:49:06,058 - INFO - Sample: id=1, val=0.000
2025-09-29 02:49:06,060 - INFO - Sample: id=2, val=74.000
2025-09-29 02:49:06,158 - INFO - Sample: id=1, val=0.000
2025-09-29 02:49:06,159 - INFO - Sample: id=2, val=74.000
2025-09-29 02:49:06,258 - INFO - Sample: id=1, val=0.000
2025-09-29 02:49:06,261 - INFO - Sample: id=2, val=74.000
2025-09-29 02:49:06,359 - INFO - Sample: id=1, val=0.000
2025-09-29 02:49:06,360 - INFO - Sample: id=2, val=74.000
2025-09-29 02:49:06,458 - INFO - Sample: id=1, val=0.000
2025-09-29 02:49:06,461 - INFO - Sample: id=2, val=74.000
2025-09-29 02:49:06,558 - INFO - Sample: id=1, val=0.000
2025-09-29 02:49:06,561 - INFO - Sample: id=2, val=74.000
2025-09-29 02:49:06,658 - INFO - Sample: id=1, val=0.000
2025-09-29 02:49:06,661 - INFO - Sample: id=2, val=74.000
2025-09-29 02:49:06,758 - INFO - Sample: id=1, val=0.000
2025-09-29 02:49:06,761 - INFO - Sample: id=2, val=74.000
2025-09-29 02:49:06,854 - INFO - GetSettings angefordert
2025-09-29 02:49:06,860 - INFO - Settings: current_signal_selection_state=True, action_state=1, ts=1502224483
2025-09-29 02:49:06,863 - INFO - Sample: id=1, val=0.000
2025-09-29 02:49:06,867 - INFO - Sample: id=2, val=74.000
2025-09-29 02:49:06,959 - INFO - Sample: id=1, val=0.000
2025-09-29 02:49:06,961 - INFO - Sample: id=2, val=74.000
2025-09-29 02:49:07,059 - INFO - Sample: id=1, val=0.000
2025-09-29 02:49:07,060 - INFO - Sample: id=2, val=74.000
2025-09-29 02:49:07,158 - INFO - Sample: id=1, val=0.000
2025-09-29 02:49:07,160 - INFO - Sample: id=2, val=74.000
2025-09-29 02:49:07,259 - INFO - Sample: id=1, val=0.000
2025-09-29 02:49:07,261 - INFO - Sample: id=2, val=74.000
2025-09-29 02:49:07,360 - INFO - Sample: id=1, val=0.000
2025-09-29 02:49:07,361 - INFO - Sample: id=2, val=74.000
2025-09-29 02:49:07,459 - INFO - Sample: id=1, val=0.000
2025-09-29 02:49:07,461 - INFO - Sample: id=2, val=74.000
2025-09-29 02:49:07,558 - INFO - Sample: id=1, val=0.000
2025-09-29 02:49:07,560 - INFO - Sample: id=2, val=74.000
2025-09-29 02:49:07,658 - INFO - Sample: id=1, val=0.000
2025-09-29 02:49:07,660 - INFO - Sample: id=2, val=74.000
2025-09-29 02:49:07,759 - INFO - Sample: id=1, val=0.000
2025-09-29 02:49:07,761 - INFO - Sample: id=2, val=74.000
2025-09-29 02:49:07,858 - INFO - Sample: id=1, val=0.000
2025-09-29 02:49:07,861 - INFO - Sample: id=2, val=74.000
2025-09-29 02:49:07,958 - INFO - Sample: id=1, val=0.000
2025-09-29 02:49:07,961 - INFO - Sample: id=2, val=74.000
2025-09-29 02:49:08,058 - INFO - Sample: id=1, val=0.000
2025-09-29 02:49:08,060 - INFO - Sample: id=2, val=74.000
2025-09-29 02:49:08,159 - INFO - Sample: id=1, val=0.000
2025-09-29 02:49:08,160 - INFO - Sample: id=2, val=74.000
2025-09-29 02:49:08,258 - INFO - Sample: id=1, val=0.000
2025-09-29 02:49:08,259 - INFO - Sample: id=2, val=74.000
2025-09-29 02:49:08,358 - INFO - Sample: id=1, val=0.000
2025-09-29 02:49:08,360 - INFO - Sample: id=2, val=74.000
2025-09-29 02:49:08,459 - INFO - Sample: id=1, val=0.000
2025-09-29 02:49:08,461 - INFO - Sample: id=2, val=74.000
2025-09-29 02:49:08,559 - INFO - Sample: id=1, val=0.000
2025-09-29 02:49:08,562 - INFO - Sample: id=2, val=74.000
2025-09-29 02:49:08,620 - INFO - ACK
2025-09-29 02:49:08,621 - INFO - ACK
2025-09-29 02:49:08,659 - INFO - Sample: id=1, val=0.000
2025-09-29 02:49:08,661 - INFO - Sample: id=2, val=74.000
2025-09-29 02:49:08,758 - INFO - Sample: id=1, val=0.000
2025-09-29 02:49:08,761 - INFO - Sample: id=2, val=74.000
2025-09-29 02:49:08,858 - INFO - Sample: id=1, val=0.000
2025-09-29 02:49:08,859 - INFO - Sample: id=2, val=74.000
2025-09-29 02:49:08,958 - INFO - Sample: id=1, val=0.000
2025-09-29 02:49:08,960 - INFO - Sample: id=2, val=74.000
2025-09-29 02:49:09,058 - INFO - Sample: id=1, val=0.000
2025-09-29 02:49:09,061 - INFO - Sample: id=2, val=74.000
2025-09-29 02:49:09,158 - INFO - Sample: id=1, val=0.000
2025-09-29 02:49:09,160 - INFO - Sample: id=2, val=74.000
2025-09-29 02:49:09,258 - INFO - Sample: id=1, val=0.000
2025-09-29 02:49:09,260 - INFO - Sample: id=2, val=74.000
2025-09-29 02:49:09,359 - INFO - Sample: id=1, val=0.000
2025-09-29 02:49:09,361 - INFO - Sample: id=2, val=74.000
2025-09-29 02:49:09,438 - INFO - GetSettings angefordert
2025-09-29 02:49:09,443 - INFO - Settings: current_signal_selection_state=True, action_state=1, ts=1504808483
2025-09-29 02:49:09,459 - INFO - Sample: id=1, val=0.000
2025-09-29 02:49:09,468 - INFO - Sample: id=2, val=74.000
2025-09-29 02:49:09,558 - INFO - Sample: id=1, val=0.000
2025-09-29 02:49:09,559 - INFO - Sample: id=2, val=74.000
2025-09-29 02:49:09,658 - INFO - Sample: id=1, val=0.000
2025-09-29 02:49:09,659 - INFO - Sample: id=2, val=74.000
2025-09-29 02:49:09,758 - INFO - Sample: id=1, val=0.000
2025-09-29 02:49:09,760 - INFO - Sample: id=2, val=74.000
2025-09-29 02:49:09,858 - INFO - Sample: id=1, val=0.000
2025-09-29 02:49:09,859 - INFO - Sample: id=2, val=74.000
2025-09-29 02:49:09,958 - INFO - Sample: id=1, val=0.000
2025-09-29 02:49:09,959 - INFO - Sample: id=2, val=74.000
2025-09-29 02:49:10,058 - INFO - Sample: id=1, val=0.000
2025-09-29 02:49:10,060 - INFO - Sample: id=2, val=74.000
2025-09-29 02:49:10,159 - INFO - Sample: id=1, val=0.000
2025-09-29 02:49:10,162 - INFO - Sample: id=2, val=74.000
2025-09-29 02:49:10,257 - INFO - Sample: id=1, val=0.000
2025-09-29 02:49:10,262 - INFO - Sample: id=2, val=74.000
2025-09-29 02:49:10,359 - INFO - Sample: id=1, val=0.000
2025-09-29 02:49:10,361 - INFO - Sample: id=2, val=74.000
2025-09-29 02:49:10,457 - INFO - Sample: id=1, val=0.000
2025-09-29 02:49:10,461 - INFO - Sample: id=2, val=74.000
2025-09-29 02:49:10,559 - INFO - Sample: id=1, val=0.000
2025-09-29 02:49:10,562 - INFO - Sample: id=2, val=74.000
2025-09-29 02:49:10,659 - INFO - Sample: id=1, val=0.000
2025-09-29 02:49:10,667 - INFO - Sample: id=2, val=74.000
2025-09-29 02:49:10,758 - INFO - Sample: id=1, val=0.000
2025-09-29 02:49:10,761 - INFO - Sample: id=2, val=74.000
2025-09-29 02:49:10,862 - INFO - Sample: id=1, val=0.000
2025-09-29 02:49:10,864 - INFO - Sample: id=2, val=74.000
2025-09-29 02:49:10,959 - INFO - Sample: id=1, val=0.000
2025-09-29 02:49:10,960 - INFO - Sample: id=2, val=74.000
2025-09-29 02:49:11,059 - INFO - Sample: id=1, val=0.000
2025-09-29 02:49:11,062 - INFO - Sample: id=2, val=74.000
2025-09-29 02:49:11,159 - INFO - Sample: id=1, val=0.000
2025-09-29 02:49:11,161 - INFO - Sample: id=2, val=74.000
2025-09-29 02:49:11,258 - INFO - Sample: id=1, val=0.000
2025-09-29 02:49:11,260 - INFO - Sample: id=2, val=74.000
2025-09-29 02:49:11,359 - INFO - Sample: id=1, val=0.000
2025-09-29 02:49:11,361 - INFO - Sample: id=2, val=74.000
2025-09-29 02:49:11,391 - INFO - GetSettings angefordert
2025-09-29 02:49:11,397 - INFO - Settings: current_signal_selection_state=True, action_state=1, ts=1506760483
2025-09-29 02:49:11,459 - INFO - Sample: id=1, val=0.000
2025-09-29 02:49:11,461 - INFO - Sample: id=2, val=74.000
2025-09-29 02:49:11,558 - INFO - Sample: id=1, val=0.000
2025-09-29 02:49:11,560 - INFO - Sample: id=2, val=74.000
2025-09-29 02:49:11,626 - INFO - ACK
2025-09-29 02:49:11,628 - INFO - ACK
2025-09-29 02:49:11,658 - INFO - Sample: id=1, val=0.000
2025-09-29 02:49:11,661 - INFO - Sample: id=2, val=74.000
2025-09-29 02:49:11,758 - INFO - Sample: id=1, val=0.000
2025-09-29 02:49:11,760 - INFO - Sample: id=2, val=74.000
2025-09-29 02:49:11,857 - INFO - Sample: id=1, val=0.000
2025-09-29 02:49:11,861 - INFO - Sample: id=2, val=74.000
2025-09-29 02:49:45,742 - INFO - Sample: id=1, val=0.000
2025-09-29 02:49:45,745 - INFO - Sample: id=2, val=74.000
2025-09-29 02:49:45,825 - INFO - Sample: id=1, val=0.000
2025-09-29 02:49:45,827 - INFO - Sample: id=2, val=74.000
2025-09-29 02:49:45,907 - INFO - Sample: id=1, val=0.000
2025-09-29 02:49:45,910 - INFO - Sample: id=2, val=74.000
2025-09-29 02:49:45,990 - INFO - Sample: id=1, val=0.000
2025-09-29 02:49:45,992 - INFO - Sample: id=2, val=74.000
2025-09-29 02:49:46,072 - INFO - Sample: id=1, val=0.000
2025-09-29 02:49:46,074 - INFO - Sample: id=2, val=74.000
2025-09-29 02:49:46,154 - INFO - Sample: id=1, val=0.000
2025-09-29 02:49:46,156 - INFO - Sample: id=2, val=74.000
2025-09-29 02:49:46,235 - INFO - Sample: id=1, val=0.000
2025-09-29 02:49:46,238 - INFO - Sample: id=2, val=74.000
2025-09-29 02:49:46,317 - INFO - Sample: id=1, val=0.000
2025-09-29 02:49:46,319 - INFO - Sample: id=2, val=74.000
2025-09-29 02:49:46,398 - INFO - Sample: id=1, val=0.000
2025-09-29 02:49:46,400 - INFO - Sample: id=2, val=74.000
2025-09-29 02:49:46,479 - INFO - Sample: id=1, val=0.000
2025-09-29 02:49:46,481 - INFO - Sample: id=2, val=74.000
2025-09-29 02:49:46,560 - INFO - Sample: id=1, val=0.000
2025-09-29 02:49:46,562 - INFO - Sample: id=2, val=74.000
2025-09-29 02:49:46,641 - INFO - Sample: id=1, val=0.000
2025-09-29 02:49:46,643 - INFO - Sample: id=2, val=74.000
2025-09-29 02:49:46,722 - INFO - Sample: id=1, val=0.000
2025-09-29 02:49:46,723 - INFO - Sample: id=2, val=74.000
2025-09-29 02:49:46,803 - INFO - Sample: id=1, val=0.000
2025-09-29 02:49:46,804 - INFO - Sample: id=2, val=74.000
2025-09-29 02:49:46,884 - INFO - Sample: id=1, val=0.000
2025-09-29 02:49:46,886 - INFO - Sample: id=2, val=74.000
2025-09-29 02:49:46,967 - INFO - Sample: id=1, val=0.000
2025-09-29 02:49:46,969 - INFO - Sample: id=2, val=74.000
2025-09-29 02:49:47,048 - INFO - Sample: id=1, val=0.000
2025-09-29 02:49:47,049 - INFO - Sample: id=2, val=74.000
2025-09-29 02:49:47,129 - INFO - Sample: id=1, val=0.000
2025-09-29 02:49:47,131 - INFO - Sample: id=2, val=74.000
2025-09-29 02:49:47,210 - INFO - Sample: id=1, val=0.000
2025-09-29 02:49:47,212 - INFO - Sample: id=2, val=74.000
2025-09-29 02:49:47,291 - INFO - Sample: id=1, val=0.000
2025-09-29 02:49:47,293 - INFO - Sample: id=2, val=74.000
2025-09-29 02:49:47,374 - INFO - Sample: id=1, val=0.000
2025-09-29 02:49:47,375 - INFO - Sample: id=2, val=74.000
2025-09-29 02:49:47,455 - INFO - Sample: id=1, val=0.000
2025-09-29 02:49:47,457 - INFO - Sample: id=2, val=74.000
2025-09-29 02:49:47,536 - INFO - Sample: id=1, val=0.000
2025-09-29 02:49:47,537 - INFO - Sample: id=2, val=74.000
2025-09-29 02:49:47,617 - INFO - Sample: id=1, val=0.000
2025-09-29 02:49:47,619 - INFO - Sample: id=2, val=74.000
2025-09-29 02:49:47,624 - INFO - Sample: id=1, val=0.000
2025-09-29 02:49:47,626 - INFO - Sample: id=2, val=74.000
2025-09-29 02:49:47,628 - INFO - Sample: id=1, val=0.000
2025-09-29 02:49:47,630 - INFO - Sample: id=2, val=74.000
2025-09-29 02:49:47,632 - INFO - Sample: id=1, val=0.000
2025-09-29 02:49:47,635 - INFO - Sample: id=2, val=74.000
2025-09-29 02:49:47,636 - INFO - Sample: id=1, val=0.000
2025-09-29 02:49:47,639 - INFO - Sample: id=2, val=74.000
2025-09-29 02:49:47,641 - INFO - Sample: id=1, val=0.000
2025-09-29 02:49:47,643 - INFO - Sample: id=2, val=74.000
2025-09-29 02:49:47,646 - INFO - Sample: id=1, val=0.000
2025-09-29 02:49:47,648 - INFO - Sample: id=2, val=74.000
2025-09-29 02:49:47,650 - INFO - Sample: id=1, val=0.000
2025-09-29 02:49:47,652 - INFO - Sample: id=2, val=74.000
2025-09-29 02:49:47,654 - INFO - Sample: id=1, val=0.000
2025-09-29 02:49:47,656 - INFO - Sample: id=2, val=74.000
2025-09-29 02:49:47,657 - INFO - Sample: id=1, val=0.000
2025-09-29 02:49:47,660 - INFO - Sample: id=2, val=74.000
2025-09-29 02:49:47,662 - INFO - Sample: id=1, val=0.000
2025-09-29 02:49:47,664 - INFO - Sample: id=2, val=74.000
2025-09-29 02:49:47,667 - INFO - Sample: id=1, val=0.000
2025-09-29 02:49:47,668 - INFO - Sample: id=2, val=74.000
2025-09-29 02:49:47,670 - INFO - Sample: id=1, val=0.000
2025-09-29 02:49:47,672 - INFO - Sample: id=2, val=74.000
2025-09-29 02:49:47,675 - INFO - Sample: id=1, val=0.000
2025-09-29 02:49:47,677 - INFO - Sample: id=2, val=74.000
2025-09-29 02:49:47,679 - INFO - Sample: id=1, val=0.000
2025-09-29 02:49:47,681 - INFO - Sample: id=2, val=74.000
2025-09-29 02:49:47,683 - INFO - Sample: id=1, val=0.000
2025-09-29 02:49:47,687 - INFO - Sample: id=2, val=74.000
2025-09-29 02:49:47,688 - INFO - Sample: id=1, val=0.000
2025-09-29 02:49:47,690 - INFO - Sample: id=2, val=74.000
2025-09-29 02:49:47,692 - INFO - Sample: id=1, val=0.000
2025-09-29 02:49:47,694 - INFO - Sample: id=2, val=74.000
2025-09-29 02:49:47,696 - INFO - Sample: id=1, val=0.000
2025-09-29 02:49:47,698 - INFO - Sample: id=2, val=74.000
2025-09-29 02:49:47,701 - INFO - Sample: id=1, val=0.000
2025-09-29 02:49:47,703 - INFO - Sample: id=2, val=74.000
2025-09-29 02:49:47,706 - INFO - Sample: id=1, val=0.000
2025-09-29 02:49:47,708 - INFO - Sample: id=2, val=74.000
2025-09-29 02:49:47,709 - INFO - Sample: id=1, val=0.000
2025-09-29 02:49:47,711 - INFO - Sample: id=2, val=74.000
2025-09-29 02:49:47,713 - INFO - Sample: id=1, val=0.000
2025-09-29 02:49:47,716 - INFO - Sample: id=2, val=74.000
2025-09-29 02:49:47,719 - INFO - Sample: id=1, val=0.000
2025-09-29 02:49:47,721 - INFO - Sample: id=2, val=74.000
2025-09-29 02:49:47,723 - INFO - Sample: id=1, val=0.000
2025-09-29 02:49:47,724 - INFO - Sample: id=2, val=74.000
2025-09-29 02:49:47,726 - INFO - Sample: id=1, val=0.000
2025-09-29 02:49:47,728 - INFO - Sample: id=2, val=74.000
2025-09-29 02:49:47,730 - INFO - Sample: id=1, val=0.000
2025-09-29 02:49:47,733 - INFO - Sample: id=2, val=74.000
2025-09-29 02:49:47,734 - INFO - Sample: id=1, val=0.000
2025-09-29 02:49:47,737 - INFO - Sample: id=2, val=74.000
2025-09-29 02:49:47,739 - INFO - Sample: id=1, val=0.000
2025-09-29 02:49:47,741 - INFO - Sample: id=2, val=74.000
2025-09-29 02:49:47,743 - INFO - Sample: id=1, val=0.000
2025-09-29 02:49:47,744 - INFO - Sample: id=2, val=74.000
2025-09-29 02:49:47,748 - INFO - Sample: id=1, val=0.000
2025-09-29 02:49:47,750 - INFO - Sample: id=2, val=74.000
2025-09-29 02:49:47,753 - INFO - Sample: id=1, val=0.000
2025-09-29 02:49:47,755 - INFO - Sample: id=2, val=74.000
2025-09-29 02:49:47,758 - INFO - Sample: id=1, val=0.000
2025-09-29 02:49:47,760 - INFO - Sample: id=2, val=74.000
2025-09-29 02:49:47,762 - INFO - Sample: id=1, val=0.000
2025-09-29 02:49:47,765 - INFO - Sample: id=2, val=74.000
2025-09-29 02:49:47,768 - INFO - Sample: id=1, val=0.000
2025-09-29 02:49:47,770 - INFO - Sample: id=2, val=74.000
2025-09-29 02:49:47,772 - INFO - Sample: id=1, val=0.000
2025-09-29 02:49:47,773 - INFO - Sample: id=2, val=74.000
2025-09-29 02:49:47,775 - INFO - Sample: id=1, val=0.000
2025-09-29 02:49:47,778 - INFO - Sample: id=2, val=74.000
2025-09-29 02:49:47,780 - INFO - Sample: id=1, val=0.000
2025-09-29 02:49:47,783 - INFO - Sample: id=2, val=74.000
2025-09-29 02:49:47,785 - INFO - Sample: id=1, val=0.000
2025-09-29 02:49:47,787 - INFO - Sample: id=2, val=74.000
2025-09-29 02:49:47,790 - INFO - Sample: id=1, val=0.000
2025-09-29 02:49:47,792 - INFO - Sample: id=2, val=74.000
2025-09-29 02:49:47,795 - INFO - Sample: id=1, val=0.000
2025-09-29 02:49:47,797 - INFO - Sample: id=2, val=74.000
2025-09-29 02:49:47,800 - INFO - Sample: id=1, val=0.000
2025-09-29 02:49:47,801 - INFO - Sample: id=2, val=74.000
2025-09-29 02:49:47,803 - INFO - Sample: id=1, val=0.000
2025-09-29 02:49:47,805 - INFO - Sample: id=2, val=74.000
2025-09-29 02:49:47,807 - INFO - Sample: id=1, val=0.000
2025-09-29 02:49:47,809 - INFO - Sample: id=2, val=74.000
2025-09-29 02:49:47,811 - INFO - Sample: id=1, val=0.000
2025-09-29 02:49:47,813 - INFO - Sample: id=2, val=74.000
2025-09-29 02:49:47,815 - INFO - Sample: id=1, val=0.000
2025-09-29 02:49:47,817 - INFO - Sample: id=2, val=74.000
2025-09-29 02:49:47,819 - INFO - Sample: id=1, val=0.000
2025-09-29 02:49:47,821 - INFO - Sample: id=2, val=74.000
2025-09-29 02:49:47,823 - INFO - Sample: id=1, val=0.000
2025-09-29 02:49:47,824 - INFO - Sample: id=2, val=74.000
2025-09-29 02:49:47,828 - INFO - Sample: id=1, val=0.000
2025-09-29 02:49:47,831 - INFO - Sample: id=2, val=74.000
2025-09-29 02:49:47,833 - INFO - Sample: id=1, val=0.000
2025-09-29 02:49:47,835 - INFO - Sample: id=2, val=74.000
2025-09-29 02:49:47,836 - INFO - Sample: id=1, val=0.000
2025-09-29 02:49:47,839 - INFO - Sample: id=2, val=74.000
2025-09-29 02:49:47,841 - INFO - Sample: id=1, val=0.000
2025-09-29 02:49:47,843 - INFO - Sample: id=2, val=74.000
2025-09-29 02:49:47,845 - INFO - Sample: id=1, val=0.000
2025-09-29 02:49:47,847 - INFO - Sample: id=2, val=74.000
2025-09-29 02:49:47,849 - INFO - Sample: id=1, val=0.000
2025-09-29 02:49:47,852 - INFO - Sample: id=2, val=74.000
2025-09-29 02:49:47,854 - INFO - Sample: id=1, val=0.000
2025-09-29 02:49:47,855 - INFO - Sample: id=2, val=74.000
2025-09-29 02:49:47,858 - INFO - Sample: id=1, val=0.000
2025-09-29 02:49:47,862 - INFO - Sample: id=2, val=74.000
2025-09-29 02:49:47,863 - INFO - Sample: id=1, val=0.000
2025-09-29 02:49:47,865 - INFO - Sample: id=2, val=74.000
2025-09-29 02:49:47,867 - INFO - Sample: id=1, val=0.000
2025-09-29 02:49:47,868 - INFO - Sample: id=2, val=74.000
2025-09-29 02:49:47,871 - INFO - Sample: id=1, val=0.000
2025-09-29 02:49:47,873 - INFO - Sample: id=2, val=74.000
2025-09-29 02:49:47,877 - INFO - Sample: id=1, val=0.000
2025-09-29 02:49:47,879 - INFO - Sample: id=2, val=74.000
2025-09-29 02:49:47,882 - INFO - GetSettings angefordert
2025-09-29 02:49:47,883 - INFO - Sample: id=1, val=0.000
2025-09-29 02:49:47,885 - INFO - Sample: id=2, val=74.000
2025-09-29 02:49:47,889 - INFO - Sample: id=1, val=0.000
2025-09-29 02:49:47,891 - INFO - Sample: id=2, val=74.000
2025-09-29 02:49:47,893 - INFO - Sample: id=1, val=0.000
2025-09-29 02:49:47,895 - INFO - Sample: id=2, val=74.000
2025-09-29 02:49:47,898 - INFO - Sample: id=1, val=0.000
2025-09-29 02:49:47,904 - INFO - Sample: id=2, val=74.000
2025-09-29 02:49:47,911 - INFO - Sample: id=1, val=0.000
2025-09-29 02:49:47,915 - INFO - Sample: id=2, val=74.000
2025-09-29 02:49:47,920 - INFO - Sample: id=1, val=0.000
2025-09-29 02:49:47,922 - INFO - Sample: id=2, val=74.000
2025-09-29 02:49:47,923 - INFO - Sample: id=1, val=0.000
2025-09-29 02:49:47,927 - INFO - Sample: id=2, val=74.000
2025-09-29 02:49:47,928 - INFO - Sample: id=1, val=0.000
2025-09-29 02:49:47,930 - INFO - Sample: id=2, val=74.000
2025-09-29 02:49:47,932 - INFO - Sample: id=1, val=0.000
2025-09-29 02:49:47,935 - INFO - Sample: id=2, val=74.000
2025-09-29 02:49:47,937 - INFO - Sample: id=1, val=0.000
2025-09-29 02:49:47,939 - INFO - Sample: id=2, val=74.000
2025-09-29 02:49:47,942 - INFO - Sample: id=1, val=0.000
2025-09-29 02:49:47,943 - INFO - Sample: id=2, val=74.000
2025-09-29 02:49:47,946 - INFO - Sample: id=1, val=0.000
2025-09-29 02:49:47,948 - INFO - Sample: id=2, val=74.000
2025-09-29 02:49:47,951 - INFO - Sample: id=1, val=0.000
2025-09-29 02:49:47,954 - INFO - Sample: id=2, val=74.000
2025-09-29 02:49:47,956 - INFO - Sample: id=1, val=0.000
2025-09-29 02:49:47,958 - INFO - Sample: id=2, val=74.000
2025-09-29 02:49:47,962 - INFO - Sample: id=1, val=0.000
2025-09-29 02:49:47,964 - INFO - Sample: id=2, val=74.000
2025-09-29 02:49:47,965 - INFO - Sample: id=1, val=0.000
2025-09-29 02:49:47,970 - INFO - Sample: id=2, val=74.000
2025-09-29 02:49:47,972 - INFO - Sample: id=1, val=0.000
2025-09-29 02:49:47,974 - INFO - Sample: id=2, val=74.000
2025-09-29 02:49:47,976 - INFO - Sample: id=1, val=0.000
2025-09-29 02:49:47,978 - INFO - Sample: id=2, val=74.000
2025-09-29 02:49:47,981 - INFO - Sample: id=1, val=0.000
2025-09-29 02:49:47,985 - INFO - Sample: id=2, val=74.000
2025-09-29 02:49:47,987 - INFO - Sample: id=1, val=0.000
2025-09-29 02:49:47,990 - INFO - Sample: id=2, val=74.000
2025-09-29 02:49:47,991 - INFO - Sample: id=1, val=0.000
2025-09-29 02:49:47,994 - INFO - Sample: id=2, val=74.000
2025-09-29 02:49:47,996 - INFO - Sample: id=1, val=0.000
2025-09-29 02:49:47,999 - INFO - Sample: id=2, val=74.000
2025-09-29 02:49:48,000 - INFO - Sample: id=1, val=0.000
2025-09-29 02:49:48,003 - INFO - Sample: id=2, val=74.000
2025-09-29 02:49:48,005 - INFO - Sample: id=1, val=0.000
2025-09-29 02:49:48,007 - INFO - Sample: id=2, val=74.000
2025-09-29 02:49:48,008 - INFO - Sample: id=1, val=0.000
2025-09-29 02:49:48,011 - INFO - Sample: id=2, val=74.000
2025-09-29 02:49:48,014 - INFO - Sample: id=1, val=0.000
2025-09-29 02:49:48,015 - INFO - Sample: id=2, val=74.000
2025-09-29 02:49:48,018 - INFO - Sample: id=1, val=0.000
2025-09-29 02:49:48,021 - INFO - Sample: id=2, val=74.000
2025-09-29 02:49:48,022 - INFO - Sample: id=1, val=0.000
2025-09-29 02:49:48,025 - INFO - Sample: id=2, val=74.000
2025-09-29 02:49:48,027 - INFO - Sample: id=1, val=0.000
2025-09-29 02:49:48,030 - INFO - Sample: id=2, val=74.000
2025-09-29 02:49:48,031 - INFO - Sample: id=1, val=0.000
2025-09-29 02:49:48,033 - INFO - Sample: id=2, val=74.000
2025-09-29 02:49:48,035 - INFO - Sample: id=1, val=0.000
2025-09-29 02:49:48,037 - INFO - Sample: id=2, val=74.000
2025-09-29 02:49:48,039 - INFO - Sample: id=1, val=0.000
2025-09-29 02:49:48,041 - INFO - Sample: id=2, val=74.000
2025-09-29 02:49:48,043 - INFO - Sample: id=1, val=0.000
2025-09-29 02:49:48,045 - INFO - Sample: id=2, val=74.000
2025-09-29 02:49:48,047 - INFO - Sample: id=1, val=0.000
2025-09-29 02:49:48,048 - INFO - Sample: id=2, val=74.000
2025-09-29 02:49:48,050 - INFO - Sample: id=1, val=0.000
2025-09-29 02:49:48,052 - INFO - Sample: id=2, val=74.000
2025-09-29 02:49:48,054 - INFO - Sample: id=1, val=0.000
2025-09-29 02:49:48,057 - INFO - Sample: id=2, val=74.000
2025-09-29 02:49:48,061 - INFO - Sample: id=1, val=0.000
2025-09-29 02:49:48,064 - INFO - Sample: id=2, val=74.000
2025-09-29 02:49:48,067 - INFO - Sample: id=1, val=0.000
2025-09-29 02:49:48,069 - INFO - Sample: id=2, val=74.000
2025-09-29 02:49:48,071 - INFO - Sample: id=1, val=0.000
2025-09-29 02:49:48,072 - INFO - Sample: id=2, val=74.000
2025-09-29 02:49:48,075 - INFO - Sample: id=1, val=0.000
2025-09-29 02:49:48,077 - INFO - Sample: id=2, val=74.000
2025-09-29 02:49:48,079 - INFO - Sample: id=1, val=0.000
2025-09-29 02:49:48,081 - INFO - Sample: id=2, val=74.000
2025-09-29 02:49:48,083 - INFO - Sample: id=1, val=0.000
2025-09-29 02:49:48,085 - INFO - Sample: id=2, val=74.000
2025-09-29 02:49:48,086 - INFO - Sample: id=1, val=0.000
2025-09-29 02:49:48,088 - INFO - Sample: id=2, val=74.000
2025-09-29 02:49:48,091 - INFO - Sample: id=1, val=0.000
2025-09-29 02:49:48,093 - INFO - Sample: id=2, val=74.000
2025-09-29 02:49:48,095 - INFO - Sample: id=1, val=0.000
2025-09-29 02:49:48,098 - INFO - Sample: id=2, val=74.000
2025-09-29 02:49:48,100 - INFO - Sample: id=1, val=0.000
2025-09-29 02:49:48,102 - INFO - Sample: id=2, val=74.000
2025-09-29 02:49:48,104 - INFO - Sample: id=1, val=0.000
2025-09-29 02:49:48,107 - INFO - Sample: id=2, val=74.000
2025-09-29 02:49:48,109 - INFO - Sample: id=1, val=0.000
2025-09-29 02:49:48,111 - INFO - Sample: id=2, val=74.000
2025-09-29 02:49:48,113 - INFO - Sample: id=1, val=0.000
2025-09-29 02:49:48,116 - INFO - Sample: id=2, val=74.000
2025-09-29 02:49:48,118 - INFO - Sample: id=1, val=0.000
2025-09-29 02:49:48,121 - INFO - Sample: id=2, val=74.000
2025-09-29 02:49:48,123 - INFO - Sample: id=1, val=0.000
2025-09-29 02:49:48,125 - INFO - Sample: id=2, val=74.000
2025-09-29 02:49:48,128 - INFO - Sample: id=1, val=0.000
2025-09-29 02:49:48,130 - INFO - Sample: id=2, val=74.000
2025-09-29 02:49:48,132 - INFO - Sample: id=1, val=0.000
2025-09-29 02:49:48,134 - INFO - Sample: id=2, val=74.000
2025-09-29 02:49:48,136 - INFO - Sample: id=1, val=0.000
2025-09-29 02:49:48,138 - INFO - Sample: id=2, val=74.000
2025-09-29 02:49:48,140 - INFO - Sample: id=1, val=0.000
2025-09-29 02:49:48,142 - INFO - Sample: id=2, val=74.000
2025-09-29 02:49:48,143 - INFO - Sample: id=1, val=0.000
2025-09-29 02:49:48,145 - INFO - Sample: id=2, val=74.000
2025-09-29 02:49:48,149 - INFO - Sample: id=1, val=0.000
2025-09-29 02:49:48,152 - INFO - Sample: id=2, val=74.000
2025-09-29 02:49:48,156 - INFO - Sample: id=1, val=0.000
2025-09-29 02:49:48,157 - INFO - Sample: id=2, val=74.000
2025-09-29 02:49:48,161 - INFO - Sample: id=1, val=0.000
2025-09-29 02:49:48,163 - INFO - Sample: id=2, val=74.000
2025-09-29 02:49:48,165 - INFO - Sample: id=1, val=0.000
2025-09-29 02:49:48,167 - INFO - Sample: id=2, val=74.000
2025-09-29 02:49:48,169 - INFO - Sample: id=1, val=0.000
2025-09-29 02:49:48,171 - INFO - Sample: id=2, val=74.000
2025-09-29 02:49:48,173 - INFO - Sample: id=1, val=0.000
2025-09-29 02:49:48,175 - INFO - Sample: id=2, val=74.000
2025-09-29 02:49:48,177 - INFO - Sample: id=1, val=0.000
2025-09-29 02:49:48,179 - INFO - Sample: id=2, val=74.000
2025-09-29 02:49:48,181 - INFO - Sample: id=1, val=0.000
2025-09-29 02:49:48,184 - INFO - Sample: id=2, val=74.000
2025-09-29 02:49:48,186 - INFO - Sample: id=1, val=0.000
2025-09-29 02:49:48,189 - INFO - Sample: id=2, val=74.000
2025-09-29 02:49:48,192 - INFO - Sample: id=1, val=0.000
2025-09-29 02:49:48,193 - INFO - Sample: id=2, val=74.000
2025-09-29 02:49:48,196 - INFO - Sample: id=1, val=0.000
2025-09-29 02:49:48,198 - INFO - Sample: id=2, val=74.000
2025-09-29 02:49:48,200 - INFO - Sample: id=1, val=0.000
2025-09-29 02:49:48,203 - INFO - Sample: id=2, val=74.000
2025-09-29 02:49:48,205 - INFO - Sample: id=1, val=0.000
2025-09-29 02:49:48,207 - INFO - Sample: id=2, val=74.000
2025-09-29 02:49:48,209 - INFO - Sample: id=1, val=0.000
2025-09-29 02:49:48,212 - INFO - Sample: id=2, val=74.000
2025-09-29 02:49:48,213 - INFO - Sample: id=1, val=0.000
2025-09-29 02:49:48,215 - INFO - Sample: id=2, val=74.000
2025-09-29 02:49:48,217 - INFO - Sample: id=1, val=0.000
2025-09-29 02:49:48,220 - INFO - Sample: id=2, val=74.000
2025-09-29 02:49:48,223 - INFO - Sample: id=1, val=0.000
2025-09-29 02:49:48,225 - INFO - Sample: id=2, val=74.000
2025-09-29 02:49:48,227 - INFO - Sample: id=1, val=0.000
2025-09-29 02:49:48,229 - INFO - Sample: id=2, val=74.000
2025-09-29 02:49:48,231 - INFO - Sample: id=1, val=0.000
2025-09-29 02:49:48,233 - INFO - Sample: id=2, val=74.000
2025-09-29 02:49:48,234 - INFO - Sample: id=1, val=0.000
2025-09-29 02:49:48,237 - INFO - Sample: id=2, val=74.000
2025-09-29 02:49:48,239 - INFO - Sample: id=1, val=0.000
2025-09-29 02:49:48,242 - INFO - Sample: id=2, val=74.000
2025-09-29 02:49:48,244 - INFO - Sample: id=1, val=0.000
2025-09-29 02:49:48,247 - INFO - Sample: id=2, val=74.000
2025-09-29 02:49:48,250 - INFO - Sample: id=1, val=0.000
2025-09-29 02:49:48,252 - INFO - Sample: id=2, val=74.000
2025-09-29 02:49:48,256 - INFO - Sample: id=1, val=0.000
2025-09-29 02:49:48,258 - INFO - Sample: id=2, val=74.000
2025-09-29 02:49:48,262 - INFO - Sample: id=1, val=0.000
2025-09-29 02:49:48,264 - INFO - Sample: id=2, val=74.000
2025-09-29 02:49:48,265 - INFO - Sample: id=1, val=0.000
2025-09-29 02:49:48,267 - INFO - Sample: id=2, val=74.000
2025-09-29 02:49:48,269 - INFO - Sample: id=1, val=0.000
2025-09-29 02:49:48,271 - INFO - Sample: id=2, val=74.000
2025-09-29 02:49:48,273 - INFO - Sample: id=1, val=0.000
2025-09-29 02:49:48,274 - INFO - Sample: id=2, val=74.000
2025-09-29 02:49:48,278 - INFO - Sample: id=1, val=0.000
2025-09-29 02:49:48,280 - INFO - Sample: id=2, val=74.000
2025-09-29 02:49:48,282 - INFO - Sample: id=1, val=0.000
2025-09-29 02:49:48,285 - INFO - Sample: id=2, val=74.000
2025-09-29 02:49:48,287 - INFO - Sample: id=1, val=0.000
2025-09-29 02:49:48,288 - INFO - Sample: id=2, val=74.000
2025-09-29 02:49:48,290 - INFO - Sample: id=1, val=0.000
2025-09-29 02:49:48,293 - INFO - Sample: id=2, val=74.000
2025-09-29 02:49:48,295 - INFO - Sample: id=1, val=0.000
2025-09-29 02:49:48,298 - INFO - Sample: id=2, val=74.000
2025-09-29 02:49:48,300 - INFO - Sample: id=1, val=0.000
2025-09-29 02:49:48,303 - INFO - Sample: id=2, val=74.000
2025-09-29 02:49:48,305 - INFO - Sample: id=1, val=0.000
2025-09-29 02:49:48,307 - INFO - Sample: id=2, val=74.000
2025-09-29 02:49:48,310 - INFO - Sample: id=1, val=0.000
2025-09-29 02:49:48,312 - INFO - Sample: id=2, val=74.000
2025-09-29 02:49:48,314 - INFO - Sample: id=1, val=0.000
2025-09-29 02:49:48,317 - INFO - Sample: id=2, val=74.000
2025-09-29 02:49:48,319 - INFO - Sample: id=1, val=0.000
2025-09-29 02:49:48,321 - INFO - Sample: id=2, val=74.000
2025-09-29 02:49:48,324 - INFO - Sample: id=1, val=0.000
2025-09-29 02:49:48,326 - INFO - Sample: id=2, val=74.000
2025-09-29 02:49:48,329 - INFO - Sample: id=1, val=0.000
2025-09-29 02:49:48,331 - INFO - Sample: id=2, val=74.000
2025-09-29 02:49:48,331 - INFO - ACK
2025-09-29 02:49:48,337 - INFO - ACK
2025-09-29 02:49:48,340 - INFO - Sample: id=1, val=0.000
2025-09-29 02:49:48,344 - INFO - Sample: id=2, val=74.000
2025-09-29 02:49:48,347 - INFO - Sample: id=1, val=0.000
2025-09-29 02:49:48,349 - INFO - Sample: id=2, val=74.000
2025-09-29 02:49:48,354 - INFO - Sample: id=1, val=0.000
2025-09-29 02:49:48,357 - INFO - Sample: id=2, val=74.000
2025-09-29 02:49:48,361 - INFO - Sample: id=1, val=0.000
2025-09-29 02:49:48,365 - INFO - Sample: id=2, val=74.000
2025-09-29 02:49:48,372 - INFO - Sample: id=1, val=0.000
2025-09-29 02:49:48,374 - INFO - Sample: id=2, val=74.000
2025-09-29 02:49:48,376 - INFO - Sample: id=1, val=0.000
2025-09-29 02:49:48,381 - INFO - Sample: id=2, val=74.000
2025-09-29 02:49:48,385 - INFO - Sample: id=1, val=0.000
2025-09-29 02:49:48,392 - INFO - Sample: id=2, val=74.000
2025-09-29 02:49:48,395 - INFO - Sample: id=1, val=0.000
2025-09-29 02:49:48,398 - INFO - Sample: id=2, val=74.000
2025-09-29 02:49:48,400 - INFO - Sample: id=1, val=0.000
2025-09-29 02:49:48,402 - INFO - Sample: id=2, val=74.000
2025-09-29 02:49:48,404 - INFO - Sample: id=1, val=0.000
2025-09-29 02:49:48,406 - INFO - Sample: id=2, val=74.000
2025-09-29 02:49:48,414 - INFO - Sample: id=1, val=0.000
2025-09-29 02:49:48,417 - INFO - Sample: id=2, val=74.000
2025-09-29 02:49:48,425 - INFO - Sample: id=1, val=0.000
2025-09-29 02:49:48,428 - INFO - Sample: id=2, val=74.000
2025-09-29 02:49:48,430 - INFO - Sample: id=1, val=0.000
2025-09-29 02:49:48,432 - INFO - Sample: id=2, val=74.000
2025-09-29 02:49:48,436 - INFO - Sample: id=1, val=0.000
2025-09-29 02:49:48,438 - INFO - Sample: id=2, val=74.000
2025-09-29 02:49:48,441 - INFO - Sample: id=1, val=0.000
2025-09-29 02:49:48,443 - INFO - Sample: id=2, val=74.000
2025-09-29 02:49:48,447 - INFO - Sample: id=1, val=0.000
2025-09-29 02:49:48,450 - INFO - Sample: id=2, val=74.000
2025-09-29 02:49:48,451 - INFO - Sample: id=1, val=0.000
2025-09-29 02:49:48,454 - INFO - Sample: id=2, val=74.000
2025-09-29 02:49:48,457 - INFO - Sample: id=1, val=0.000
2025-09-29 02:49:48,460 - INFO - Sample: id=2, val=74.000
2025-09-29 02:49:48,462 - INFO - Sample: id=1, val=0.000
2025-09-29 02:49:48,465 - INFO - Sample: id=2, val=74.000
2025-09-29 02:49:48,469 - INFO - Sample: id=1, val=0.000
2025-09-29 02:49:48,483 - INFO - Sample: id=2, val=74.000
2025-09-29 02:49:48,486 - INFO - Sample: id=1, val=0.000
2025-09-29 02:49:48,490 - INFO - Sample: id=2, val=74.000
2025-09-29 02:49:48,492 - INFO - Sample: id=1, val=0.000
2025-09-29 02:49:48,496 - INFO - Sample: id=2, val=74.000
2025-09-29 02:49:48,496 - INFO - Settings  current_signal_selection_state=True, action_state=1, timestamp=1543252483
2025-09-29 02:49:48,498 - INFO - Settings: current_signal_selection_state=True, action_state=1, ts=1543252483
2025-09-29 02:49:48,501 - INFO - Sample: id=1, val=0.000
2025-09-29 02:49:48,502 - INFO - Sample: id=2, val=74.000
2025-09-29 02:49:48,504 - INFO - Sample: id=1, val=0.000
2025-09-29 02:49:48,507 - INFO - Sample: id=2, val=74.000
2025-09-29 02:49:48,509 - INFO - Sample: id=1, val=0.000
2025-09-29 02:49:48,512 - INFO - Sample: id=2, val=74.000
2025-09-29 02:49:48,515 - INFO - Sample: id=1, val=0.000
2025-09-29 02:49:48,516 - INFO - Sample: id=2, val=74.000
2025-09-29 02:49:48,520 - INFO - Sample: id=1, val=0.000
2025-09-29 02:49:48,523 - INFO - Sample: id=2, val=74.000
2025-09-29 02:49:48,524 - INFO - Sample: id=1, val=0.000
2025-09-29 02:49:48,528 - INFO - Sample: id=2, val=74.000
2025-09-29 02:49:48,559 - INFO - Sample: id=1, val=0.000
2025-09-29 02:49:48,561 - INFO - Sample: id=2, val=74.000
2025-09-29 02:49:48,659 - INFO - Sample: id=1, val=0.000
2025-09-29 02:49:48,661 - INFO - Sample: id=2, val=74.000
2025-09-29 02:49:48,676 - INFO - ACK
2025-09-29 02:49:48,678 - INFO - ACK
2025-09-29 02:49:48,759 - INFO - Sample: id=1, val=0.000
2025-09-29 02:49:48,761 - INFO - Sample: id=2, val=74.000
2025-09-29 02:49:48,815 - INFO - GetSettings angefordert
2025-09-29 02:49:48,815 - INFO - Settings  current_signal_selection_state=True, action_state=1, timestamp=1544184483
2025-09-29 02:49:48,820 - INFO - Settings: current_signal_selection_state=True, action_state=1, ts=1544184483
2025-09-29 02:49:48,859 - INFO - Sample: id=1, val=0.000
2025-09-29 02:49:48,861 - INFO - Sample: id=2, val=74.000
2025-09-29 02:49:48,961 - INFO - Sample: id=1, val=0.000
2025-09-29 02:49:48,962 - INFO - Sample: id=2, val=74.000
2025-09-29 02:49:49,059 - INFO - Sample: id=1, val=0.000
2025-09-29 02:49:49,060 - INFO - Sample: id=2, val=74.000
2025-09-29 02:49:49,158 - INFO - Sample: id=1, val=0.000
2025-09-29 02:49:49,160 - INFO - Sample: id=2, val=74.000
2025-09-29 02:49:49,259 - INFO - Sample: id=1, val=0.000
2025-09-29 02:49:49,260 - INFO - Sample: id=2, val=74.000
2025-09-29 02:49:49,362 - INFO - Sample: id=1, val=0.000
2025-09-29 02:49:49,365 - INFO - Sample: id=2, val=74.000
2025-09-29 02:49:49,458 - INFO - Sample: id=1, val=0.000
2025-09-29 02:49:49,461 - INFO - Sample: id=2, val=74.000
2025-09-29 02:49:49,558 - INFO - Sample: id=1, val=0.000
2025-09-29 02:49:49,560 - INFO - Sample: id=2, val=74.000
2025-09-29 02:49:49,659 - INFO - Sample: id=1, val=0.000
2025-09-29 02:49:49,661 - INFO - Sample: id=2, val=74.000
2025-09-29 02:49:49,759 - INFO - Sample: id=1, val=0.000
2025-09-29 02:49:49,761 - INFO - Sample: id=2, val=74.000
2025-09-29 02:49:49,858 - INFO - Sample: id=1, val=0.000
2025-09-29 02:49:49,861 - INFO - Sample: id=2, val=74.000
2025-09-29 02:49:49,959 - INFO - Sample: id=1, val=0.000
2025-09-29 02:49:49,961 - INFO - Sample: id=2, val=74.000
2025-09-29 02:49:50,059 - INFO - Sample: id=1, val=0.000
2025-09-29 02:49:50,061 - INFO - Sample: id=2, val=74.000
2025-09-29 02:49:50,159 - INFO - Sample: id=1, val=0.000
2025-09-29 02:49:50,162 - INFO - Sample: id=2, val=74.000
2025-09-29 02:49:50,259 - INFO - Sample: id=1, val=0.000
2025-09-29 02:49:50,260 - INFO - Sample: id=2, val=74.000
2025-09-29 02:49:50,359 - INFO - Sample: id=1, val=0.000
2025-09-29 02:49:50,361 - INFO - Sample: id=2, val=74.000
2025-09-29 02:49:50,458 - INFO - Sample: id=1, val=0.000
2025-09-29 02:49:50,461 - INFO - Sample: id=2, val=74.000
2025-09-29 02:49:50,559 - INFO - Sample: id=1, val=0.000
2025-09-29 02:49:50,562 - INFO - Sample: id=2, val=74.000
2025-09-29 02:49:50,658 - INFO - Sample: id=1, val=0.000
2025-09-29 02:49:50,662 - INFO - Sample: id=2, val=74.000
2025-09-29 02:49:50,759 - INFO - Sample: id=1, val=0.000
2025-09-29 02:49:50,762 - INFO - Sample: id=2, val=74.000
2025-09-29 02:49:50,859 - INFO - Sample: id=1, val=0.000
2025-09-29 02:49:50,860 - INFO - Sample: id=2, val=74.000
2025-09-29 02:49:50,959 - INFO - Sample: id=1, val=0.000
2025-09-29 02:49:50,961 - INFO - Sample: id=2, val=74.000
2025-09-29 02:49:51,056 - INFO - GetSettings angefordert
2025-09-29 02:49:51,058 - INFO - Settings  current_signal_selection_state=True, action_state=1, timestamp=1546424483
2025-09-29 02:49:51,067 - INFO - Settings: current_signal_selection_state=True, action_state=1, ts=1546424483
2025-09-29 02:49:51,068 - INFO - Sample: id=1, val=0.000
2025-09-29 02:49:51,070 - INFO - Sample: id=2, val=74.000
2025-09-29 02:49:51,158 - INFO - Sample: id=1, val=0.000
2025-09-29 02:49:51,160 - INFO - Sample: id=2, val=74.000
2025-09-29 02:49:51,259 - INFO - Sample: id=1, val=0.000
2025-09-29 02:49:51,261 - INFO - Sample: id=2, val=74.000
2025-09-29 02:49:51,359 - INFO - Sample: id=1, val=0.000
2025-09-29 02:49:51,362 - INFO - Sample: id=2, val=74.000
2025-09-29 02:49:51,459 - INFO - Sample: id=1, val=0.000
2025-09-29 02:49:51,461 - INFO - Sample: id=2, val=74.000
2025-09-29 02:49:51,559 - INFO - Sample: id=1, val=0.000
2025-09-29 02:49:51,560 - INFO - Sample: id=2, val=74.000
2025-09-29 02:49:51,659 - INFO - Sample: id=1, val=0.000
2025-09-29 02:49:51,661 - INFO - Sample: id=2, val=74.000
2025-09-29 02:49:51,683 - INFO - ACK
2025-09-29 02:49:51,685 - INFO - ACK
2025-09-29 02:49:51,759 - INFO - Sample: id=1, val=0.000
2025-09-29 02:49:51,761 - INFO - Sample: id=2, val=74.000
2025-09-29 02:49:51,859 - INFO - Sample: id=1, val=0.000
2025-09-29 02:49:51,861 - INFO - Sample: id=2, val=74.000
2025-09-29 02:49:51,959 - INFO - Sample: id=1, val=0.000
2025-09-29 02:49:51,962 - INFO - Sample: id=2, val=74.000
2025-09-29 02:49:52,059 - INFO - Sample: id=1, val=0.000
2025-09-29 02:49:52,061 - INFO - Sample: id=2, val=74.000
2025-09-29 02:49:52,159 - INFO - Sample: id=1, val=0.000
2025-09-29 02:49:52,161 - INFO - Sample: id=2, val=74.000
2025-09-29 02:49:52,259 - INFO - Sample: id=1, val=0.000
2025-09-29 02:49:52,261 - INFO - Sample: id=2, val=74.000
2025-09-29 02:49:52,360 - INFO - Sample: id=1, val=0.000
2025-09-29 02:49:52,362 - INFO - Sample: id=2, val=74.000
2025-09-29 02:49:52,459 - INFO - Sample: id=1, val=0.000
2025-09-29 02:49:52,462 - INFO - Sample: id=2, val=74.000
2025-09-29 02:49:52,559 - INFO - Sample: id=1, val=0.000
2025-09-29 02:49:52,561 - INFO - Sample: id=2, val=74.000
2025-09-29 02:49:52,659 - INFO - Sample: id=1, val=0.000
2025-09-29 02:49:52,660 - INFO - Sample: id=2, val=74.000
2025-09-29 02:49:52,759 - INFO - Sample: id=1, val=0.000
2025-09-29 02:49:52,762 - INFO - Sample: id=2, val=74.000
2025-09-29 02:49:52,859 - INFO - Sample: id=1, val=0.000
2025-09-29 02:49:52,861 - INFO - Sample: id=2, val=74.000
2025-09-29 02:49:52,959 - INFO - Sample: id=1, val=0.000
2025-09-29 02:49:52,961 - INFO - Sample: id=2, val=74.000
2025-09-29 02:49:53,059 - INFO - Sample: id=1, val=0.000
2025-09-29 02:49:53,062 - INFO - Sample: id=2, val=74.000
2025-09-29 02:49:53,160 - INFO - Sample: id=1, val=0.000
2025-09-29 02:49:53,162 - INFO - Sample: id=2, val=74.000
2025-09-29 02:49:53,260 - INFO - Sample: id=1, val=0.000
2025-09-29 02:49:53,261 - INFO - Sample: id=2, val=74.000
2025-09-29 02:49:53,360 - INFO - Sample: id=1, val=0.000
2025-09-29 02:49:53,362 - INFO - Sample: id=2, val=74.000
2025-09-29 02:49:53,459 - INFO - Sample: id=1, val=0.000
2025-09-29 02:49:53,462 - INFO - Sample: id=2, val=74.000
2025-09-29 02:49:53,560 - INFO - Sample: id=1, val=0.000
2025-09-29 02:49:53,562 - INFO - Sample: id=2, val=74.000
2025-09-29 02:49:53,659 - INFO - Sample: id=1, val=0.000
2025-09-29 02:49:53,661 - INFO - Sample: id=2, val=74.000
2025-09-29 02:49:53,759 - INFO - Sample: id=1, val=0.000
2025-09-29 02:49:53,761 - INFO - Sample: id=2, val=74.000
2025-09-29 02:49:53,859 - INFO - Sample: id=1, val=0.000
2025-09-29 02:49:53,861 - INFO - Sample: id=2, val=74.000
2025-09-29 02:49:53,959 - INFO - Sample: id=1, val=0.000
2025-09-29 02:49:53,961 - INFO - Sample: id=2, val=74.000
2025-09-29 02:49:54,058 - INFO - Sample: id=1, val=0.000
2025-09-29 02:49:54,060 - INFO - Sample: id=2, val=74.000
2025-09-29 02:49:54,159 - INFO - Sample: id=1, val=0.000
2025-09-29 02:49:54,162 - INFO - Sample: id=2, val=74.000
2025-09-29 02:49:54,258 - INFO - Sample: id=1, val=0.000
2025-09-29 02:49:54,261 - INFO - Sample: id=2, val=74.000
2025-09-29 02:49:54,360 - INFO - Sample: id=1, val=0.000
2025-09-29 02:49:54,362 - INFO - Sample: id=2, val=74.000
2025-09-29 02:49:54,459 - INFO - Sample: id=1, val=0.000
2025-09-29 02:49:54,461 - INFO - Sample: id=2, val=74.000
2025-09-29 02:49:54,561 - INFO - Sample: id=1, val=0.000
2025-09-29 02:49:54,563 - INFO - Sample: id=2, val=75.000
2025-09-29 02:49:54,659 - INFO - Sample: id=1, val=0.000
2025-09-29 02:49:54,661 - INFO - Sample: id=2, val=74.000
2025-09-29 02:49:54,686 - INFO - ACK
2025-09-29 02:49:54,688 - INFO - ACK
2025-09-29 02:49:54,759 - INFO - Sample: id=1, val=0.000
2025-09-29 02:49:54,761 - INFO - Sample: id=2, val=74.000
2025-09-29 02:49:54,858 - INFO - Sample: id=1, val=0.000
2025-09-29 02:49:54,861 - INFO - Sample: id=2, val=74.000
2025-09-29 02:49:54,959 - INFO - Sample: id=1, val=0.000
2025-09-29 02:49:54,961 - INFO - Sample: id=2, val=74.000
2025-09-29 02:49:55,058 - INFO - Sample: id=1, val=0.000
2025-09-29 02:49:55,061 - INFO - Sample: id=2, val=74.000
2025-09-29 02:49:55,159 - INFO - Sample: id=1, val=0.000
2025-09-29 02:49:55,161 - INFO - Sample: id=2, val=74.000
2025-09-29 02:50:40,488 - INFO - Ping gesendet
2025-09-29 02:50:41,527 - INFO - Ping gesendet
2025-09-29 02:50:42,368 - INFO - GetSettings angefordert
2025-09-29 02:50:44,040 - INFO - GetSettings angefordert
2025-09-29 02:50:45,760 - INFO - SetSettings gesendet (state=1)
2025-09-29 02:50:47,656 - INFO - SetSettings gesendet (state=1)
2025-09-29 02:50:49,384 - INFO - SetSettings gesendet (state=1)
2025-09-29 02:51:05,996 - INFO - ACK
2025-09-29 02:51:05,997 - INFO - ACK
2025-09-29 02:51:06,128 - INFO - ACK
2025-09-29 02:51:06,130 - INFO - ACK
2025-09-29 02:51:06,187 - INFO - ACK
2025-09-29 02:51:06,187 - INFO - ACK
2025-09-29 02:51:06,230 - INFO - ACK
2025-09-29 02:51:06,231 - INFO - ACK
2025-09-29 02:51:06,262 - INFO - ACK
2025-09-29 02:51:06,263 - INFO - ACK
2025-09-29 02:51:06,274 - INFO - Settings  current_signal_selection_state=True, action_state=1, timestamp=1597738483
2025-09-29 02:51:06,275 - INFO - Settings: current_signal_selection_state=True, action_state=1, ts=1597738483
2025-09-29 02:51:06,340 - INFO - Settings  current_signal_selection_state=True, action_state=1, timestamp=1599410483
2025-09-29 02:51:06,343 - INFO - Settings: current_signal_selection_state=True, action_state=1, ts=1599410483
2025-09-29 02:51:06,395 - INFO - ACK
2025-09-29 02:51:06,397 - INFO - ACK
2025-09-29 02:51:06,429 - INFO - Settings  current_signal_selection_state=False, action_state=1, timestamp=1601130618
2025-09-29 02:51:06,431 - INFO - Settings: current_signal_selection_state=False, action_state=1, ts=1601130618
2025-09-29 02:51:06,520 - INFO - Settings  current_signal_selection_state=False, action_state=1, timestamp=1603027681
2025-09-29 02:51:06,524 - INFO - Settings: current_signal_selection_state=False, action_state=1, ts=1603027681
2025-09-29 02:51:06,547 - INFO - ACK
2025-09-29 02:51:06,549 - INFO - ACK
2025-09-29 02:51:06,600 - INFO - Settings  current_signal_selection_state=False, action_state=1, timestamp=1604754622
2025-09-29 02:51:06,603 - INFO - Settings: current_signal_selection_state=False, action_state=1, ts=1604754622
2025-09-29 02:51:06,681 - INFO - ACK
2025-09-29 02:51:06,683 - INFO - ACK
2025-09-29 02:51:06,807 - INFO - ACK
2025-09-29 02:51:06,809 - INFO - ACK
2025-09-29 02:51:06,937 - INFO - ACK
2025-09-29 02:51:06,939 - INFO - ACK
2025-09-29 02:51:07,066 - INFO - ACK
2025-09-29 02:51:07,068 - INFO - ACK
2025-09-29 02:51:07,193 - INFO - ACK
2025-09-29 02:51:07,195 - INFO - ACK
2025-09-29 02:51:07,324 - INFO - ACK
2025-09-29 02:51:07,326 - INFO - ACK
2025-09-29 02:51:09,268 - INFO - ACK
2025-09-29 02:51:09,270 - INFO - ACK
2025-09-29 02:51:12,271 - INFO - ACK
2025-09-29 02:51:12,273 - INFO - ACK
2025-09-29 02:51:15,274 - INFO - ACK
2025-09-29 02:51:15,276 - INFO - ACK
2025-09-29 02:51:18,291 - INFO - ACK
2025-09-29 02:51:18,293 - INFO - ACK
2025-09-29 02:51:21,295 - INFO - ACK
2025-09-29 02:51:21,297 - INFO - ACK
2025-09-29 02:51:24,301 - INFO - ACK
2025-09-29 02:51:24,303 - INFO - ACK
2025-09-29 02:51:27,307 - INFO - ACK
2025-09-29 02:51:27,309 - INFO - ACK
2025-09-29 02:51:30,313 - INFO - ACK
2025-09-29 02:51:30,315 - INFO - ACK
2025-09-29 02:51:33,318 - INFO - ACK
2025-09-29 02:51:33,319 - INFO - ACK
2025-09-29 02:51:36,323 - INFO - ACK
2025-09-29 02:51:36,325 - INFO - ACK
2025-09-29 02:51:39,331 - INFO - ACK
2025-09-29 02:51:39,333 - INFO - ACK
2025-09-29 02:51:42,335 - INFO - ACK
2025-09-29 02:51:42,338 - INFO - ACK
2025-09-29 02:51:45,344 - INFO - ACK
2025-09-29 02:51:45,345 - INFO - ACK
2025-09-29 02:51:49,265 - INFO - Link up: COM4 @230400
2025-09-29 02:51:49,270 - INFO - ACK
2025-09-29 02:51:49,344 - INFO - ACK
2025-09-29 02:51:51,650 - INFO - Ping gesendet
2025-09-29 02:51:51,651 - INFO - ACK
2025-09-29 02:51:51,654 - INFO - ACK
2025-09-29 02:51:52,274 - INFO - ACK
2025-09-29 02:51:52,275 - INFO - ACK
2025-09-29 02:51:53,826 - INFO - GetSettings angefordert
2025-09-29 02:51:53,828 - INFO - Settings  current_signal_selection_state=False, action_state=1, timestamp=1669195495
2025-09-29 02:51:53,829 - INFO - Settings: current_signal_selection_state=False, action_state=1, ts=1669195495
2025-09-29 02:51:55,279 - INFO - ACK
2025-09-29 02:51:55,280 - INFO - ACK
2025-09-29 02:51:58,283 - INFO - ACK
2025-09-29 02:51:58,284 - INFO - ACK
2025-09-29 02:52:01,289 - INFO - ACK
2025-09-29 02:52:01,291 - INFO - ACK
2025-09-29 02:52:04,293 - INFO - ACK
2025-09-29 02:52:04,294 - INFO - ACK
2025-09-29 02:52:04,841 - INFO - SetSettings gesendet (state=1)
2025-09-29 02:52:04,843 - INFO - Settings  current_signal_selection_state=False, action_state=1, timestamp=1680211610
2025-09-29 02:52:04,845 - INFO - Settings: current_signal_selection_state=False, action_state=1, ts=1680211610
2025-09-29 02:52:07,298 - INFO - ACK
2025-09-29 02:52:07,300 - INFO - ACK
2025-09-29 02:52:10,302 - INFO - ACK
2025-09-29 02:52:10,303 - INFO - ACK
2025-09-29 02:52:13,308 - INFO - ACK
2025-09-29 02:52:13,310 - INFO - ACK
2025-09-29 02:52:16,315 - INFO - ACK
2025-09-29 02:52:16,316 - INFO - ACK
2025-09-29 02:52:17,300 - INFO - Ping gesendet
2025-09-29 02:52:17,301 - INFO - ACK
2025-09-29 02:52:17,303 - INFO - ACK
2025-09-29 02:52:19,318 - INFO - ACK
2025-09-29 02:52:19,320 - INFO - ACK
2025-09-29 02:52:22,324 - INFO - ACK
2025-09-29 02:52:22,328 - INFO - ACK
2025-09-29 02:54:14,911 - INFO - Link up: COM4 @230400
2025-09-29 02:54:14,974 - INFO - ACK
2025-09-29 02:54:14,985 - INFO - ACK
2025-09-29 02:54:17,565 - INFO - Ping gesendet
2025-09-29 02:54:17,568 - INFO - ACK
2025-09-29 02:54:17,574 - INFO - ACK
2025-09-29 02:54:17,920 - INFO - ACK
2025-09-29 02:54:17,921 - INFO - ACK
2025-09-29 02:54:19,381 - INFO - Ping gesendet
2025-09-29 02:54:19,386 - INFO - ACK
2025-09-29 02:54:19,388 - INFO - ACK
2025-09-29 02:54:20,926 - INFO - ACK
2025-09-29 02:54:20,927 - INFO - ACK
2025-09-29 02:54:20,933 - INFO - GetSettings angefordert
2025-09-29 02:54:20,937 - INFO - Settings  current_signal_selection_state=False, action_state=1, timestamp=10309503
2025-09-29 02:54:20,938 - INFO - Settings: current_signal_selection_state=False, action_state=1, ts=10309503
2025-09-29 02:54:23,070 - INFO - GetSettings angefordert
2025-09-29 02:54:23,076 - INFO - Settings  current_signal_selection_state=False, action_state=1, timestamp=12447487
2025-09-29 02:54:23,077 - INFO - Settings: current_signal_selection_state=False, action_state=1, ts=12447487
2025-09-29 02:54:23,930 - INFO - ACK
2025-09-29 02:54:23,931 - INFO - ACK
2025-09-29 02:54:26,526 - INFO - GetSettings angefordert
2025-09-29 02:54:26,529 - INFO - Settings  current_signal_selection_state=False, action_state=1, timestamp=15903487
2025-09-29 02:54:26,537 - INFO - Settings: current_signal_selection_state=False, action_state=1, ts=15903487
2025-09-29 02:54:26,936 - INFO - ACK
2025-09-29 02:54:26,938 - INFO - ACK
2025-09-29 02:54:28,733 - INFO - SetSettings gesendet (state=1)
2025-09-29 02:54:28,739 - INFO - Settings  current_signal_selection_state=False, action_state=1, timestamp=18109623
2025-09-29 02:54:28,740 - INFO - Settings: current_signal_selection_state=False, action_state=1, ts=18109623
2025-09-29 02:54:29,941 - INFO - ACK
2025-09-29 02:54:29,942 - INFO - ACK
2025-09-29 02:54:32,947 - INFO - ACK
2025-09-29 02:54:32,949 - INFO - ACK
2025-09-29 02:54:35,950 - INFO - ACK
2025-09-29 02:54:35,952 - INFO - ACK
2025-09-29 02:54:38,956 - INFO - ACK
2025-09-29 02:54:38,958 - INFO - ACK
2025-09-29 02:54:41,959 - INFO - ACK
2025-09-29 02:54:41,960 - INFO - ACK
2025-09-29 02:54:44,967 - INFO - ACK
2025-09-29 02:54:44,969 - INFO - ACK
2025-09-29 02:54:47,969 - INFO - ACK
2025-09-29 02:54:47,972 - INFO - ACK
2025-09-29 02:54:50,976 - INFO - ACK
2025-09-29 02:54:50,977 - INFO - ACK
2025-09-29 02:54:53,979 - INFO - ACK
2025-09-29 02:54:53,980 - INFO - ACK
2025-09-29 02:54:57,124 - ERROR - Listener-Fehler: Error parsing message with type 'FromEsp32' (File: proto_serial_client, Line: 245, Function: _listen_loop)
2025-09-29 02:54:57,182 - WARNING - Listener gestoppt reconnect (File: proto_serial_client, Line: 185, Function: _run_supervisor)
2025-09-29 02:54:57,194 - INFO - Reconnect in 0.50s
2025-09-29 02:54:57,712 - INFO - Link up: COM4 @230400
2025-09-29 02:54:57,716 - INFO - ACK
2025-09-29 02:54:57,718 - INFO - ACK
2025-09-29 02:55:00,722 - INFO - ACK
2025-09-29 02:55:00,723 - INFO - ACK
2025-09-29 02:55:02,207 - INFO - Ping gesendet
2025-09-29 02:55:02,214 - INFO - ACK
2025-09-29 02:55:02,215 - INFO - ACK
2025-09-29 02:55:03,614 - INFO - Ping gesendet
2025-09-29 02:55:03,615 - INFO - ACK
2025-09-29 02:55:03,617 - INFO - ACK
2025-09-29 02:55:03,726 - INFO - ACK
2025-09-29 02:55:03,727 - INFO - ACK
2025-09-29 02:55:06,733 - INFO - ACK
2025-09-29 02:55:06,735 - INFO - ACK
2025-09-29 02:55:09,737 - INFO - ACK
2025-09-29 02:55:09,738 - INFO - ACK
2025-09-29 02:56:54,791 - INFO - Link up: COM4 @230400
2025-09-29 02:56:54,892 - ERROR - Listener-Fehler: Error parsing message with type 'FromEsp32' (File: proto_serial_client, Line: 245, Function: _listen_loop)
2025-09-29 02:56:54,993 - WARNING - Listener gestoppt reconnect (File: proto_serial_client, Line: 185, Function: _run_supervisor)
2025-09-29 02:56:55,006 - INFO - Reconnect in 0.50s
2025-09-29 02:56:55,527 - INFO - Link up: COM4 @230400
2025-09-29 02:57:00,041 - INFO - Ping gesendet
2025-09-29 02:57:04,641 - INFO - Ping gesendet
2025-09-29 02:57:06,392 - INFO - GetSettings angefordert
2025-09-29 02:57:07,387 - ERROR - Listener-Fehler: Error parsing message with type 'FromEsp32' (File: proto_serial_client, Line: 245, Function: _listen_loop)
2025-09-29 02:57:07,546 - WARNING - Keepalive fehlgeschlagen: Nicht verbunden (File: proto_serial_client, Line: 180, Function: _run_supervisor)
2025-09-29 02:57:07,546 - WARNING - Listener gestoppt reconnect (File: proto_serial_client, Line: 185, Function: _run_supervisor)
2025-09-29 02:57:07,552 - INFO - Reconnect in 0.50s
2025-09-29 02:57:08,071 - INFO - Link up: COM4 @230400
2025-09-29 02:57:12,417 - INFO - GetSettings angefordert
2025-09-29 02:57:20,164 - ERROR - Listener-Fehler: Error parsing message with type 'FromEsp32' (File: proto_serial_client, Line: 245, Function: _listen_loop)
2025-09-29 02:57:20,292 - WARNING - Listener gestoppt reconnect (File: proto_serial_client, Line: 185, Function: _run_supervisor)
2025-09-29 02:57:20,297 - INFO - Reconnect in 0.50s
2025-09-29 02:57:20,817 - INFO - Link up: COM4 @230400
2025-09-29 02:57:33,015 - ERROR - Listener-Fehler: Error parsing message with type 'FromEsp32' (File: proto_serial_client, Line: 245, Function: _listen_loop)
2025-09-29 02:57:33,035 - WARNING - Listener gestoppt reconnect (File: proto_serial_client, Line: 185, Function: _run_supervisor)
2025-09-29 02:57:33,042 - INFO - Reconnect in 0.50s
2025-09-29 02:57:33,564 - INFO - Link up: COM4 @230400
2025-09-29 02:57:45,514 - ERROR - Listener-Fehler: Error parsing message with type 'FromEsp32' (File: proto_serial_client, Line: 245, Function: _listen_loop)
2025-09-29 02:57:45,585 - WARNING - Keepalive fehlgeschlagen: Nicht verbunden (File: proto_serial_client, Line: 180, Function: _run_supervisor)
2025-09-29 02:57:45,587 - WARNING - Listener gestoppt reconnect (File: proto_serial_client, Line: 185, Function: _run_supervisor)
2025-09-29 02:57:45,595 - INFO - Reconnect in 0.50s
2025-09-29 02:57:46,116 - INFO - Link up: COM4 @230400
2025-09-29 02:57:57,285 - INFO - Link up: COM4 @230400
2025-09-29 02:57:59,449 - INFO - Ping gesendet
2025-09-29 02:58:03,706 - INFO - Ping gesendet
2025-09-29 02:58:05,058 - INFO - GetSettings angefordert
2025-09-29 02:58:09,117 - ERROR - Listener-Fehler: Error parsing message with type 'FromEsp32' (File: proto_serial_client, Line: 245, Function: _listen_loop)
2025-09-29 02:58:09,306 - WARNING - Keepalive fehlgeschlagen: Nicht verbunden (File: proto_serial_client, Line: 180, Function: _run_supervisor)
2025-09-29 02:58:09,306 - WARNING - Listener gestoppt reconnect (File: proto_serial_client, Line: 185, Function: _run_supervisor)
2025-09-29 02:58:09,308 - INFO - Link down
2025-09-29 02:58:09,309 - INFO - Reconnect in 0.50s
2025-09-29 02:58:09,830 - INFO - Link up: COM4 @230400
2025-09-29 02:58:21,558 - ERROR - Listener-Fehler: Error parsing message with type 'FromEsp32' (File: proto_serial_client, Line: 245, Function: _listen_loop)
2025-09-29 02:58:21,650 - WARNING - Listener gestoppt reconnect (File: proto_serial_client, Line: 185, Function: _run_supervisor)
2025-09-29 02:58:21,654 - INFO - Link down
2025-09-29 02:58:21,655 - INFO - Reconnect in 0.50s
2025-09-29 02:58:22,177 - INFO - Link up: COM4 @230400
2025-09-29 02:58:24,179 - INFO - Ping gesendet
2025-09-29 02:58:34,001 - ERROR - Listener-Fehler: Error parsing message with type 'FromEsp32' (File: proto_serial_client, Line: 245, Function: _listen_loop)
2025-09-29 02:58:34,196 - WARNING - Keepalive fehlgeschlagen: Nicht verbunden (File: proto_serial_client, Line: 180, Function: _run_supervisor)
2025-09-29 02:58:34,197 - WARNING - Listener gestoppt reconnect (File: proto_serial_client, Line: 185, Function: _run_supervisor)
2025-09-29 02:58:34,199 - INFO - Link down
2025-09-29 02:58:34,200 - INFO - Reconnect in 0.50s
2025-09-29 02:58:34,719 - INFO - Link up: COM4 @230400
2025-09-29 02:58:46,701 - ERROR - Listener-Fehler: Error parsing message with type 'FromEsp32' (File: proto_serial_client, Line: 245, Function: _listen_loop)
2025-09-29 02:58:46,739 - WARNING - Keepalive fehlgeschlagen: Nicht verbunden (File: proto_serial_client, Line: 180, Function: _run_supervisor)
2025-09-29 02:58:46,740 - WARNING - Listener gestoppt reconnect (File: proto_serial_client, Line: 185, Function: _run_supervisor)
2025-09-29 02:58:47,109 - INFO - Link down
2025-09-29 02:58:47,110 - INFO - Reconnect in 0.50s
2025-09-29 02:58:47,630 - INFO - Link up: COM4 @230400
2025-09-29 02:58:59,454 - ERROR - Listener-Fehler: Error parsing message with type 'FromEsp32' (File: proto_serial_client, Line: 245, Function: _listen_loop)
2025-09-29 02:58:59,649 - WARNING - Keepalive fehlgeschlagen: Nicht verbunden (File: proto_serial_client, Line: 180, Function: _run_supervisor)
2025-09-29 02:58:59,650 - WARNING - Listener gestoppt reconnect (File: proto_serial_client, Line: 185, Function: _run_supervisor)
2025-09-29 02:58:59,652 - INFO - Link down
2025-09-29 02:58:59,653 - INFO - Reconnect in 0.50s
2025-09-29 02:59:00,174 - INFO - Link up: COM4 @230400
2025-09-29 02:59:11,973 - ERROR - Listener-Fehler: Error parsing message with type 'FromEsp32' (File: proto_serial_client, Line: 245, Function: _listen_loop)
2025-09-29 02:59:11,993 - WARNING - Listener gestoppt reconnect (File: proto_serial_client, Line: 185, Function: _run_supervisor)
2025-09-29 02:59:11,994 - INFO - Link down
2025-09-29 02:59:11,995 - INFO - Reconnect in 0.50s
2025-09-29 02:59:12,515 - INFO - Link up: COM4 @230400
2025-09-29 02:59:24,773 - ERROR - Listener-Fehler: Error parsing message with type 'FromEsp32' (File: proto_serial_client, Line: 245, Function: _listen_loop)
2025-09-29 02:59:24,936 - WARNING - Listener gestoppt reconnect (File: proto_serial_client, Line: 185, Function: _run_supervisor)
2025-09-29 02:59:24,939 - INFO - Link down
2025-09-29 02:59:24,940 - INFO - Reconnect in 0.50s
2025-09-29 02:59:25,461 - INFO - Link up: COM4 @230400
2025-09-29 02:59:37,300 - ERROR - Listener-Fehler: Error parsing message with type 'FromEsp32' (File: proto_serial_client, Line: 245, Function: _listen_loop)
2025-09-29 02:59:37,482 - WARNING - Keepalive fehlgeschlagen: Nicht verbunden (File: proto_serial_client, Line: 180, Function: _run_supervisor)
2025-09-29 02:59:37,482 - WARNING - Listener gestoppt reconnect (File: proto_serial_client, Line: 185, Function: _run_supervisor)
2025-09-29 02:59:37,485 - INFO - Link down
2025-09-29 02:59:37,486 - INFO - Reconnect in 0.50s
2025-09-29 02:59:38,007 - INFO - Link up: COM4 @230400
2025-09-29 02:59:49,890 - ERROR - Listener-Fehler: Error parsing message with type 'FromEsp32' (File: proto_serial_client, Line: 245, Function: _listen_loop)
2025-09-29 02:59:50,025 - WARNING - Keepalive fehlgeschlagen: Nicht verbunden (File: proto_serial_client, Line: 180, Function: _run_supervisor)
2025-09-29 02:59:50,026 - WARNING - Listener gestoppt reconnect (File: proto_serial_client, Line: 185, Function: _run_supervisor)
2025-09-29 02:59:50,256 - INFO - Link down
2025-09-29 02:59:50,257 - INFO - Reconnect in 0.50s
2025-09-29 02:59:50,777 - INFO - Link up: COM4 @230400
2025-09-29 03:00:02,637 - ERROR - Listener-Fehler: Error parsing message with type 'FromEsp32' (File: proto_serial_client, Line: 245, Function: _listen_loop)
2025-09-29 03:00:02,797 - WARNING - Keepalive fehlgeschlagen: Nicht verbunden (File: proto_serial_client, Line: 180, Function: _run_supervisor)
2025-09-29 03:00:02,798 - WARNING - Listener gestoppt reconnect (File: proto_serial_client, Line: 185, Function: _run_supervisor)
2025-09-29 03:00:02,800 - INFO - Link down
2025-09-29 03:00:02,801 - INFO - Reconnect in 0.50s
2025-09-29 03:00:03,321 - INFO - Link up: COM4 @230400
2025-09-29 03:00:15,346 - ERROR - Listener-Fehler: Error parsing message with type 'FromEsp32' (File: proto_serial_client, Line: 245, Function: _listen_loop)
2025-09-29 03:00:15,542 - WARNING - Listener gestoppt reconnect (File: proto_serial_client, Line: 185, Function: _run_supervisor)
2025-09-29 03:00:15,545 - INFO - Link down
2025-09-29 03:00:15,546 - INFO - Reconnect in 0.50s
2025-09-29 03:00:16,067 - INFO - Link up: COM4 @230400
2025-09-29 03:00:28,172 - ERROR - Listener-Fehler: Error parsing message with type 'FromEsp32' (File: proto_serial_client, Line: 245, Function: _listen_loop)
2025-09-29 03:00:28,287 - WARNING - Listener gestoppt reconnect (File: proto_serial_client, Line: 185, Function: _run_supervisor)
2025-09-29 03:00:28,290 - INFO - Link down
2025-09-29 03:00:28,291 - INFO - Reconnect in 0.50s
2025-09-29 03:00:28,809 - INFO - Link up: COM4 @230400
2025-09-29 03:00:40,620 - ERROR - Listener-Fehler: Error parsing message with type 'FromEsp32' (File: proto_serial_client, Line: 245, Function: _listen_loop)
2025-09-29 03:00:40,629 - WARNING - Listener gestoppt reconnect (File: proto_serial_client, Line: 185, Function: _run_supervisor)
2025-09-29 03:00:40,631 - INFO - Link down
2025-09-29 03:00:40,632 - INFO - Reconnect in 0.50s
2025-09-29 03:00:41,153 - INFO - Link up: COM4 @230400
2025-09-29 03:01:12,394 - INFO - Link up: COM4 @500000
2025-09-29 03:01:12,442 - ERROR - Listener-Fehler: Error parsing message with type 'FromEsp32' (File: proto_serial_client, Line: 245, Function: _listen_loop)
2025-09-29 03:01:12,596 - WARNING - Listener gestoppt reconnect (File: proto_serial_client, Line: 185, Function: _run_supervisor)
2025-09-29 03:01:12,598 - INFO - Link down
2025-09-29 03:01:12,599 - INFO - Reconnect in 0.50s
2025-09-29 03:01:13,117 - INFO - Link up: COM4 @500000
2025-09-29 03:01:15,415 - INFO - Ping gesendet
2025-09-29 03:01:22,056 - ERROR - Listener-Fehler: Error parsing message with type 'FromEsp32' (File: proto_serial_client, Line: 245, Function: _listen_loop)
2025-09-29 03:01:22,131 - WARNING - Keepalive fehlgeschlagen: Nicht verbunden (File: proto_serial_client, Line: 180, Function: _run_supervisor)
2025-09-29 03:01:22,131 - WARNING - Listener gestoppt reconnect (File: proto_serial_client, Line: 185, Function: _run_supervisor)
2025-09-29 03:01:22,133 - INFO - Link down
2025-09-29 03:01:22,134 - INFO - Reconnect in 0.50s
2025-09-29 03:01:22,653 - INFO - Link up: COM4 @500000
2025-09-29 03:01:28,815 - INFO - GetSettings angefordert
2025-09-29 03:01:31,329 - ERROR - Listener-Fehler: Error parsing message with type 'FromEsp32' (File: proto_serial_client, Line: 245, Function: _listen_loop)
2025-09-29 03:01:31,467 - WARNING - Listener gestoppt reconnect (File: proto_serial_client, Line: 185, Function: _run_supervisor)
2025-09-29 03:01:31,469 - INFO - Link down
2025-09-29 03:01:31,470 - INFO - Reconnect in 0.50s
2025-09-29 03:01:31,606 - INFO - ERROR RuntimeError: Nicht verbunden
2025-09-29 03:01:31,989 - INFO - Link up: COM4 @500000
2025-09-29 03:01:35,975 - INFO - GetSettings angefordert
2025-09-29 03:01:40,325 - ERROR - Listener-Fehler: Error parsing message with type 'FromEsp32' (File: proto_serial_client, Line: 245, Function: _listen_loop)
2025-09-29 03:01:40,403 - WARNING - Listener gestoppt reconnect (File: proto_serial_client, Line: 185, Function: _run_supervisor)
2025-09-29 03:01:40,405 - INFO - Link down
2025-09-29 03:01:40,406 - INFO - Reconnect in 0.50s
2025-09-29 03:01:40,925 - INFO - Link up: COM4 @500000
2025-09-29 03:02:23,882 - INFO - Link up: COM4 @500000
2025-09-29 03:02:23,929 - ERROR - Listener-Fehler: Error parsing message with type 'FromEsp32' (File: proto_serial_client, Line: 245, Function: _listen_loop)
2025-09-29 03:02:24,084 - WARNING - Listener gestoppt reconnect (File: proto_serial_client, Line: 185, Function: _run_supervisor)
2025-09-29 03:02:24,085 - INFO - Link down
2025-09-29 03:02:24,085 - INFO - Reconnect in 0.50s
2025-09-29 03:02:24,604 - INFO - Link up: COM4 @500000
2025-09-29 03:02:28,529 - INFO - Ping gesendet
2025-09-29 03:02:32,881 - INFO - Ping gesendet
2025-09-29 03:02:33,703 - INFO - Ping gesendet
2025-09-29 03:02:34,336 - INFO - Ping gesendet
2025-09-29 03:02:56,075 - ERROR - Listener-Fehler: Error parsing message with type 'FromEsp32' (File: proto_serial_client, Line: 245, Function: _listen_loop)
2025-09-29 03:02:56,258 - WARNING - Listener gestoppt reconnect (File: proto_serial_client, Line: 185, Function: _run_supervisor)
2025-09-29 03:02:56,259 - INFO - Link down
2025-09-29 03:02:56,260 - INFO - Reconnect in 0.50s
2025-09-29 03:02:56,778 - INFO - Link up: COM4 @500000
2025-09-29 03:03:41,366 - INFO - Link up: COM4 @500000
2025-09-29 03:03:41,423 - ERROR - Listener-Fehler: Error parsing message with type 'FromEsp32' (File: proto_serial_client, Line: 245, Function: _listen_loop)
2025-09-29 03:03:41,567 - WARNING - Listener gestoppt reconnect (File: proto_serial_client, Line: 185, Function: _run_supervisor)
2025-09-29 03:03:41,571 - INFO - Link down
2025-09-29 03:03:41,572 - INFO - Reconnect in 0.50s
2025-09-29 03:03:42,089 - INFO - Link up: COM4 @500000
2025-09-29 03:03:44,570 - INFO - Ping gesendet
2025-09-29 03:03:51,202 - INFO - Ping gesendet
2025-09-29 03:03:52,498 - INFO - Ping gesendet
2025-09-29 03:04:10,408 - INFO - Link up: COM4 @500000
2025-09-29 03:11:07,600 - INFO - Link up: COM4 @500000
2025-09-29 03:11:07,626 - ERROR - Listener-Fehler: Error parsing message with type 'FromEsp32' (File: proto_serial_client, Line: 245, Function: _listen_loop)
2025-09-29 03:11:07,803 - WARNING - Listener gestoppt reconnect (File: proto_serial_client, Line: 185, Function: _run_supervisor)
2025-09-29 03:11:07,805 - INFO - Link down
2025-09-29 03:11:07,806 - INFO - Reconnect in 0.50s
2025-09-29 03:11:08,324 - INFO - Link up: COM4 @500000
2025-09-29 03:11:10,773 - INFO - Ping gesendet
2025-09-29 03:11:13,404 - INFO - Ping gesendet
2025-09-29 03:11:15,836 - INFO - GetSettings angefordert
2025-09-29 03:11:16,620 - INFO - GetSettings angefordert
2025-09-29 03:11:20,092 - INFO - SetSettings gesendet (state=1)
2025-09-29 03:11:21,276 - INFO - SetSettings gesendet (state=1)
2025-09-29 03:11:21,572 - INFO - SetSettings gesendet (state=1)
2025-09-29 03:11:23,756 - INFO - Ping gesendet
2025-09-29 03:11:26,796 - INFO - GetSettings angefordert
2025-09-29 03:11:27,244 - INFO - GetSettings angefordert
2025-09-29 03:18:44,812 - INFO - Link up: COM4 @500000
2025-09-29 03:18:47,190 - INFO - Ping gesendet
2025-09-29 03:22:12,649 - INFO - Link up: COM4 @500000
2025-09-29 03:22:12,659 - ERROR - Listener-Fehler: Error parsing message with type 'FromEsp32' (File: proto_serial_client, Line: 245, Function: _listen_loop)
2025-09-29 03:22:12,851 - WARNING - Listener gestoppt reconnect (File: proto_serial_client, Line: 185, Function: _run_supervisor)
2025-09-29 03:22:12,853 - INFO - Link down
2025-09-29 03:22:12,854 - INFO - Reconnect in 0.50s
2025-09-29 03:22:13,372 - INFO - Link up: COM4 @500000
2025-09-29 03:22:17,363 - INFO - Ping gesendet
2025-09-29 03:22:20,235 - INFO - Ping gesendet
2025-09-29 03:22:23,531 - INFO - Ping gesendet
2025-09-29 03:22:24,140 - INFO - Ping gesendet
2025-09-29 03:22:24,340 - INFO - Ping gesendet
2025-09-29 03:22:24,604 - INFO - Ping gesendet
2025-09-29 03:22:24,836 - INFO - Ping gesendet
2025-09-29 03:22:25,004 - INFO - Ping gesendet
2025-09-29 03:22:25,179 - INFO - Ping gesendet
2025-09-29 03:22:25,339 - INFO - Ping gesendet
2025-09-29 03:22:25,499 - INFO - Ping gesendet
2025-09-29 03:22:25,677 - INFO - Ping gesendet
2025-09-29 03:22:25,828 - INFO - Ping gesendet
2025-09-29 03:22:25,988 - INFO - Ping gesendet
2025-09-29 03:22:26,139 - INFO - Ping gesendet
2025-09-29 03:22:26,292 - INFO - Ping gesendet
2025-09-29 03:22:26,477 - INFO - Ping gesendet
2025-09-29 03:22:26,636 - INFO - Ping gesendet
2025-09-29 03:22:26,796 - INFO - Ping gesendet
2025-09-29 03:22:26,980 - INFO - Ping gesendet
2025-09-29 03:22:27,156 - INFO - Ping gesendet
2025-09-29 03:22:27,301 - INFO - Ping gesendet
2025-09-29 03:22:28,540 - INFO - Ping gesendet
2025-09-29 03:22:45,636 - INFO - Link up: COM4 @500000
2025-09-29 03:22:47,268 - INFO - GetSettings angefordert
2025-09-29 03:22:48,484 - INFO - GetSettings angefordert
2025-09-29 03:22:49,172 - INFO - GetSettings angefordert
2025-09-29 03:22:49,709 - INFO - GetSettings angefordert
2025-09-29 03:22:50,012 - INFO - GetSettings angefordert
2025-09-29 03:22:50,684 - INFO - GetSettings angefordert
2025-09-29 03:24:36,990 - INFO - Link up: COM4 @500000
2025-09-29 03:24:38,639 - INFO - Ping gesendet
2025-09-29 03:24:39,766 - INFO - Ping gesendet
2025-09-29 03:24:40,535 - INFO - Ping gesendet
2025-09-29 03:24:41,214 - INFO - Ping gesendet
2025-09-29 03:24:42,198 - INFO - Ping gesendet
2025-09-29 03:24:42,999 - INFO - Ping gesendet
2025-09-29 03:24:43,214 - INFO - Ping gesendet
2025-09-29 03:24:43,944 - INFO - Ping gesendet
2025-09-29 03:24:44,575 - INFO - Ping gesendet
2025-09-29 03:24:44,831 - INFO - Ping gesendet
2025-09-29 03:24:45,015 - INFO - Ping gesendet
2025-09-29 03:24:45,224 - INFO - Ping gesendet
2025-09-29 03:24:45,432 - INFO - Ping gesendet
2025-09-29 03:24:45,615 - INFO - Ping gesendet
2025-09-29 03:24:45,798 - INFO - Ping gesendet
2025-09-29 03:24:45,975 - INFO - Ping gesendet
2025-09-29 03:24:46,159 - INFO - Ping gesendet
2025-09-29 03:24:46,327 - INFO - Ping gesendet
2025-09-29 03:24:46,496 - INFO - Ping gesendet
2025-09-29 03:24:46,679 - INFO - Ping gesendet
2025-09-29 03:28:22,316 - INFO - Link up: COM4 @500000
2025-09-29 03:28:22,324 - ERROR - Listener-Fehler: Error parsing message with type 'FromEsp32' (File: proto_serial_client, Line: 245, Function: _listen_loop)
2025-09-29 03:28:22,518 - WARNING - Listener gestoppt reconnect (File: proto_serial_client, Line: 185, Function: _run_supervisor)
2025-09-29 03:28:22,521 - INFO - Link down
2025-09-29 03:28:22,521 - INFO - Reconnect in 0.50s
2025-09-29 03:28:23,040 - INFO - Link up: COM4 @500000
2025-09-29 03:28:25,140 - INFO - Ping gesendet
2025-09-29 03:28:26,708 - INFO - Ping gesendet
2025-09-29 03:28:27,692 - INFO - Ping gesendet
2025-09-29 03:28:27,757 - ERROR - Listener-Fehler: Error parsing message with type 'FromEsp32' (File: proto_serial_client, Line: 245, Function: _listen_loop)
2025-09-29 03:28:27,848 - WARNING - Listener gestoppt reconnect (File: proto_serial_client, Line: 185, Function: _run_supervisor)
2025-09-29 03:28:27,850 - INFO - Link down
2025-09-29 03:28:27,851 - INFO - Reconnect in 0.50s
2025-09-29 03:28:28,369 - INFO - Link up: COM4 @500000
2025-09-29 03:28:31,132 - INFO - Ping gesendet
2025-09-29 03:28:32,774 - INFO - GetSettings angefordert
2025-09-29 03:28:33,041 - ERROR - Listener-Fehler: Error parsing message with type 'FromEsp32' (File: proto_serial_client, Line: 245, Function: _listen_loop)
2025-09-29 03:28:33,178 - WARNING - Listener gestoppt reconnect (File: proto_serial_client, Line: 185, Function: _run_supervisor)
2025-09-29 03:28:33,559 - INFO - Link down
2025-09-29 03:28:33,560 - INFO - Reconnect in 0.50s
2025-09-29 03:28:34,079 - INFO - Link up: COM4 @500000
2025-09-29 03:28:34,082 - INFO - ACK
2025-09-29 03:28:34,084 - INFO - ACK
2025-09-29 03:28:37,086 - INFO - ACK
2025-09-29 03:28:37,087 - INFO - ACK
2025-09-29 03:28:38,318 - ERROR - Listener-Fehler: Error parsing message with type 'FromEsp32' (File: proto_serial_client, Line: 245, Function: _listen_loop)
2025-09-29 03:28:38,487 - WARNING - Listener gestoppt reconnect (File: proto_serial_client, Line: 185, Function: _run_supervisor)
2025-09-29 03:28:38,489 - INFO - Link down
2025-09-29 03:28:38,490 - INFO - Reconnect in 0.50s
2025-09-29 03:28:39,008 - INFO - Link up: COM4 @500000
2025-09-29 03:28:39,012 - INFO - ACK
2025-09-29 03:28:39,013 - INFO - ACK
2025-09-29 03:28:42,015 - INFO - ACK
2025-09-29 03:28:42,016 - INFO - ACK
2025-09-29 03:28:43,595 - ERROR - Listener-Fehler: Error parsing message with type 'FromEsp32' (File: proto_serial_client, Line: 245, Function: _listen_loop)
2025-09-29 03:28:43,617 - WARNING - Listener gestoppt reconnect (File: proto_serial_client, Line: 185, Function: _run_supervisor)
2025-09-29 03:28:43,619 - INFO - Link down
2025-09-29 03:28:43,620 - INFO - Reconnect in 0.50s
2025-09-29 03:28:44,138 - INFO - Link up: COM4 @500000
2025-09-29 03:28:44,142 - INFO - ACK
2025-09-29 03:28:44,143 - INFO - ACK
2025-09-29 03:28:47,147 - INFO - ACK
2025-09-29 03:28:47,148 - INFO - ACK
2025-09-29 03:28:48,876 - ERROR - Listener-Fehler: Error parsing message with type 'FromEsp32' (File: proto_serial_client, Line: 245, Function: _listen_loop)
2025-09-29 03:28:48,949 - WARNING - Listener gestoppt reconnect (File: proto_serial_client, Line: 185, Function: _run_supervisor)
2025-09-29 03:28:48,951 - INFO - Link down
2025-09-29 03:28:48,952 - INFO - Reconnect in 0.50s
2025-09-29 03:28:49,471 - INFO - Link up: COM4 @500000
2025-09-29 03:28:49,475 - INFO - ACK
2025-09-29 03:28:49,476 - INFO - ACK
2025-09-29 03:28:50,604 - INFO - GetSettings angefordert
2025-09-29 03:28:50,606 - INFO - Settings  current_signal_selection_state=False, action_state=1, timestamp=1753895
2025-09-29 03:28:50,607 - INFO - Settings: current_signal_selection_state=False, action_state=1, ts=1753895
2025-09-29 03:28:52,479 - INFO - ACK
2025-09-29 03:28:52,480 - INFO - ACK
2025-09-29 03:28:53,389 - INFO - GetSettings angefordert
2025-09-29 03:28:53,390 - INFO - Settings  current_signal_selection_state=False, action_state=1, timestamp=4537887
2025-09-29 03:28:53,394 - INFO - Settings: current_signal_selection_state=False, action_state=1, ts=4537887
2025-09-29 03:28:54,154 - ERROR - Listener-Fehler: Error parsing message with type 'FromEsp32' (File: proto_serial_client, Line: 245, Function: _listen_loop)
2025-09-29 03:28:54,280 - WARNING - Listener gestoppt reconnect (File: proto_serial_client, Line: 185, Function: _run_supervisor)
2025-09-29 03:28:54,280 - INFO - Link down
2025-09-29 03:28:54,282 - INFO - Reconnect in 0.50s
2025-09-29 03:28:54,801 - INFO - Link up: COM4 @500000
2025-09-29 03:28:54,803 - INFO - ACK
2025-09-29 03:28:54,806 - INFO - ACK
2025-09-29 03:28:57,807 - INFO - ACK
2025-09-29 03:28:57,809 - INFO - ACK
2025-09-29 03:28:58,684 - INFO - GetSettings angefordert
2025-09-29 03:28:58,687 - INFO - Settings  current_signal_selection_state=False, action_state=1, timestamp=4554858
2025-09-29 03:28:58,688 - INFO - Settings: current_signal_selection_state=False, action_state=1, ts=4554858
2025-09-29 03:28:59,434 - ERROR - Listener-Fehler: Error parsing message with type 'FromEsp32' (File: proto_serial_client, Line: 245, Function: _listen_loop)
2025-09-29 03:28:59,609 - WARNING - Listener gestoppt reconnect (File: proto_serial_client, Line: 185, Function: _run_supervisor)
2025-09-29 03:28:59,611 - INFO - Link down
2025-09-29 03:28:59,613 - INFO - Reconnect in 0.50s
2025-09-29 03:29:00,130 - INFO - Link up: COM4 @500000
2025-09-29 03:29:00,133 - INFO - ACK
2025-09-29 03:29:00,135 - INFO - ACK
2025-09-29 03:29:00,853 - INFO - SetSettings gesendet (state=1)
2025-09-29 03:29:00,854 - INFO - Settings  current_signal_selection_state=False, action_state=1, timestamp=1444048
2025-09-29 03:29:00,856 - INFO - Settings: current_signal_selection_state=False, action_state=1, ts=1444048
2025-09-29 03:29:02,021 - INFO - SetSettings gesendet (state=1)
2025-09-29 03:29:02,023 - INFO - Settings  current_signal_selection_state=False, action_state=1, timestamp=2612084
2025-09-29 03:29:02,024 - INFO - Settings: current_signal_selection_state=False, action_state=1, ts=2612084
2025-09-29 03:29:02,886 - INFO - SetSettings gesendet (state=1)
2025-09-29 03:29:02,887 - INFO - Settings  current_signal_selection_state=False, action_state=1, timestamp=3477095
2025-09-29 03:29:02,890 - INFO - Settings: current_signal_selection_state=False, action_state=1, ts=3477095
2025-09-29 03:29:03,139 - INFO - ACK
2025-09-29 03:29:03,141 - INFO - ACK
2025-09-29 03:29:03,389 - INFO - SetSettings gesendet (state=1)
2025-09-29 03:29:03,391 - INFO - Settings  current_signal_selection_state=False, action_state=1, timestamp=3980044
2025-09-29 03:29:03,393 - INFO - Settings: current_signal_selection_state=False, action_state=1, ts=3980044
2025-09-29 03:29:03,758 - INFO - SetSettings gesendet (state=1)
2025-09-29 03:29:03,759 - INFO - Settings  current_signal_selection_state=False, action_state=1, timestamp=4349084
2025-09-29 03:29:03,762 - INFO - Settings: current_signal_selection_state=False, action_state=1, ts=4349084
2025-09-29 03:29:03,934 - INFO - SetSettings gesendet (state=1)
2025-09-29 03:29:03,936 - INFO - Settings  current_signal_selection_state=False, action_state=1, timestamp=4525096
2025-09-29 03:29:03,938 - INFO - Settings: current_signal_selection_state=False, action_state=1, ts=4525096
2025-09-29 03:29:04,136 - INFO - SetSettings gesendet (state=1)
2025-09-29 03:29:04,137 - INFO - Settings  current_signal_selection_state=False, action_state=1, timestamp=4726084
2025-09-29 03:29:04,139 - INFO - Settings: current_signal_selection_state=False, action_state=1, ts=4726084
2025-09-29 03:29:04,325 - INFO - SetSettings gesendet (state=1)
2025-09-29 03:29:04,327 - INFO - Settings  current_signal_selection_state=False, action_state=1, timestamp=4916096
2025-09-29 03:29:04,328 - INFO - Settings: current_signal_selection_state=False, action_state=1, ts=4916096
2025-09-29 03:29:04,713 - ERROR - Listener-Fehler: Error parsing message with type 'FromEsp32' (File: proto_serial_client, Line: 245, Function: _listen_loop)
2025-09-29 03:29:04,739 - WARNING - Listener gestoppt reconnect (File: proto_serial_client, Line: 185, Function: _run_supervisor)
2025-09-29 03:29:05,242 - INFO - Link down
2025-09-29 03:29:05,243 - INFO - Reconnect in 0.50s
2025-09-29 03:29:05,760 - INFO - Link up: COM4 @500000
2025-09-29 03:29:05,763 - INFO - ACK
2025-09-29 03:29:05,764 - INFO - ACK
2025-09-29 03:29:08,765 - INFO - ACK
2025-09-29 03:29:08,768 - INFO - ACK
2025-09-29 03:29:08,910 - INFO - SetSettings gesendet (state=1)
2025-09-29 03:29:08,911 - INFO - Settings  current_signal_selection_state=False, action_state=1, timestamp=4221016
2025-09-29 03:29:08,917 - INFO - Settings: current_signal_selection_state=False, action_state=1, ts=4221016
2025-09-29 03:29:09,993 - ERROR - Listener-Fehler: Error parsing message with type 'FromEsp32' (File: proto_serial_client, Line: 245, Function: _listen_loop)
2025-09-29 03:29:10,167 - WARNING - Listener gestoppt reconnect (File: proto_serial_client, Line: 185, Function: _run_supervisor)
2025-09-29 03:29:10,169 - INFO - Link down
2025-09-29 03:29:10,170 - INFO - Reconnect in 0.50s
2025-09-29 03:29:10,689 - INFO - Link up: COM4 @500000
2025-09-29 03:29:10,691 - INFO - ACK
2025-09-29 03:29:10,694 - INFO - ACK
2025-09-29 03:29:13,695 - INFO - ACK
2025-09-29 03:29:13,697 - INFO - ACK
2025-09-29 03:29:15,268 - ERROR - Listener-Fehler: Error parsing message with type 'FromEsp32' (File: proto_serial_client, Line: 245, Function: _listen_loop)
2025-09-29 03:29:15,296 - WARNING - Listener gestoppt reconnect (File: proto_serial_client, Line: 185, Function: _run_supervisor)
2025-09-29 03:29:15,299 - INFO - Link down
2025-09-29 03:29:15,300 - INFO - Reconnect in 0.50s
2025-09-29 03:29:15,817 - INFO - Link up: COM4 @500000
2025-09-29 03:29:15,821 - INFO - ACK
2025-09-29 03:29:15,824 - INFO - ACK
2025-09-29 03:29:18,825 - INFO - ACK
2025-09-29 03:29:18,826 - INFO - ACK
2025-09-29 03:29:20,547 - ERROR - Listener-Fehler: Error parsing message with type 'FromEsp32' (File: proto_serial_client, Line: 245, Function: _listen_loop)
2025-09-29 03:29:20,627 - WARNING - Listener gestoppt reconnect (File: proto_serial_client, Line: 185, Function: _run_supervisor)
2025-09-29 03:29:20,629 - INFO - Link down
2025-09-29 03:29:20,629 - INFO - Reconnect in 0.50s
2025-09-29 03:29:21,148 - INFO - Link up: COM4 @500000
2025-09-29 03:29:21,150 - INFO - ACK
2025-09-29 03:29:21,153 - INFO - ACK
2025-09-29 03:29:24,156 - INFO - ACK
2025-09-29 03:29:24,157 - INFO - ACK
2025-09-29 03:29:25,827 - ERROR - Listener-Fehler: Error parsing message with type 'FromEsp32' (File: proto_serial_client, Line: 245, Function: _listen_loop)
2025-09-29 03:29:25,958 - WARNING - Listener gestoppt reconnect (File: proto_serial_client, Line: 185, Function: _run_supervisor)
2025-09-29 03:29:25,961 - INFO - Link down
2025-09-29 03:29:25,962 - INFO - Reconnect in 0.50s
2025-09-29 03:29:26,480 - INFO - Link up: COM4 @500000
2025-09-29 03:29:26,483 - INFO - ACK
2025-09-29 03:29:26,484 - INFO - ACK
2025-09-29 03:29:29,487 - INFO - ACK
2025-09-29 03:29:29,489 - INFO - ACK
2025-09-29 03:29:31,102 - ERROR - Listener-Fehler: Error parsing message with type 'FromEsp32' (File: proto_serial_client, Line: 245, Function: _listen_loop)
2025-09-29 03:29:31,288 - WARNING - Listener gestoppt reconnect (File: proto_serial_client, Line: 185, Function: _run_supervisor)
2025-09-29 03:29:31,290 - INFO - Link down
2025-09-29 03:29:31,291 - INFO - Reconnect in 0.50s
2025-09-29 03:29:31,809 - INFO - Link up: COM4 @500000
2025-09-29 03:29:31,812 - INFO - ACK
2025-09-29 03:29:31,815 - INFO - ACK
2025-09-29 03:29:34,818 - INFO - ACK
2025-09-29 03:29:34,819 - INFO - ACK
2025-09-29 03:29:36,386 - ERROR - Listener-Fehler: Error parsing message with type 'FromEsp32' (File: proto_serial_client, Line: 245, Function: _listen_loop)
2025-09-29 03:29:36,418 - WARNING - Listener gestoppt reconnect (File: proto_serial_client, Line: 185, Function: _run_supervisor)
2025-09-29 03:29:36,596 - INFO - Link down
2025-09-29 03:29:36,596 - INFO - Reconnect in 0.50s
2025-09-29 03:29:37,115 - INFO - Link up: COM4 @500000
2025-09-29 03:29:37,119 - INFO - ACK
2025-09-29 03:29:37,120 - INFO - ACK
2025-09-29 03:29:40,122 - INFO - ACK
2025-09-29 03:29:40,123 - INFO - ACK
2025-09-29 03:29:41,667 - ERROR - Listener-Fehler: Error parsing message with type 'FromEsp32' (File: proto_serial_client, Line: 245, Function: _listen_loop)
2025-09-29 03:29:41,723 - WARNING - Listener gestoppt reconnect (File: proto_serial_client, Line: 185, Function: _run_supervisor)
2025-09-29 03:29:41,725 - INFO - Link down
2025-09-29 03:29:41,726 - INFO - Reconnect in 0.50s
2025-09-29 03:29:42,244 - INFO - Link up: COM4 @500000
2025-09-29 03:29:42,247 - INFO - ACK
2025-09-29 03:29:42,250 - INFO - ACK
2025-09-29 03:29:45,251 - INFO - ACK
2025-09-29 03:29:45,253 - INFO - ACK
2025-09-29 03:29:46,939 - ERROR - Listener-Fehler: Error parsing message with type 'FromEsp32' (File: proto_serial_client, Line: 245, Function: _listen_loop)
2025-09-29 03:29:47,053 - WARNING - Listener gestoppt reconnect (File: proto_serial_client, Line: 185, Function: _run_supervisor)
2025-09-29 03:29:47,055 - INFO - Link down
2025-09-29 03:29:47,056 - INFO - Reconnect in 0.50s
2025-09-29 03:29:47,574 - INFO - Link up: COM4 @500000
2025-09-29 03:29:47,578 - INFO - ACK
2025-09-29 03:29:47,580 - INFO - ACK
2025-09-29 03:29:50,582 - INFO - ACK
2025-09-29 03:29:50,584 - INFO - ACK
2025-09-29 03:29:52,221 - ERROR - Listener-Fehler: Error parsing message with type 'FromEsp32' (File: proto_serial_client, Line: 245, Function: _listen_loop)
2025-09-29 03:29:52,383 - WARNING - Listener gestoppt reconnect (File: proto_serial_client, Line: 185, Function: _run_supervisor)
2025-09-29 03:29:52,384 - INFO - Link down
2025-09-29 03:29:52,385 - INFO - Reconnect in 0.50s
2025-09-29 03:29:52,904 - INFO - Link up: COM4 @500000
2025-09-29 03:29:52,907 - INFO - ACK
2025-09-29 03:29:52,909 - INFO - ACK
2025-09-29 03:29:55,910 - INFO - ACK
2025-09-29 03:29:55,912 - INFO - ACK
2025-09-29 03:29:57,488 - ERROR - Listener-Fehler: Error parsing message with type 'FromEsp32' (File: proto_serial_client, Line: 245, Function: _listen_loop)
2025-09-29 03:29:57,511 - WARNING - Listener gestoppt reconnect (File: proto_serial_client, Line: 185, Function: _run_supervisor)
2025-09-29 03:29:57,513 - INFO - Link down
2025-09-29 03:29:57,513 - INFO - Reconnect in 0.50s
2025-09-29 03:29:58,032 - INFO - Link up: COM4 @500000
2025-09-29 03:29:58,035 - INFO - ACK
2025-09-29 03:29:58,036 - INFO - ACK
2025-09-29 03:30:01,040 - INFO - ACK
2025-09-29 03:30:01,041 - INFO - ACK
2025-09-29 03:30:02,806 - ERROR - Listener-Fehler: Error parsing message with type 'FromEsp32' (File: proto_serial_client, Line: 245, Function: _listen_loop)
2025-09-29 03:30:02,841 - WARNING - Listener gestoppt reconnect (File: proto_serial_client, Line: 185, Function: _run_supervisor)
2025-09-29 03:30:02,844 - INFO - Link down
2025-09-29 03:30:02,844 - INFO - Reconnect in 0.50s
2025-09-29 03:30:03,363 - INFO - Link up: COM4 @500000
2025-09-29 03:30:03,367 - INFO - ACK
2025-09-29 03:30:03,368 - INFO - ACK
2025-09-29 03:30:06,370 - INFO - ACK
2025-09-29 03:30:06,372 - INFO - ACK
2025-09-29 03:30:08,061 - ERROR - Listener-Fehler: Error parsing message with type 'FromEsp32' (File: proto_serial_client, Line: 245, Function: _listen_loop)
2025-09-29 03:30:08,172 - WARNING - Listener gestoppt reconnect (File: proto_serial_client, Line: 185, Function: _run_supervisor)
2025-09-29 03:30:08,179 - INFO - Link down
2025-09-29 03:30:08,180 - INFO - Reconnect in 0.50s
2025-09-29 03:30:08,699 - INFO - Link up: COM4 @500000
2025-09-29 03:30:08,702 - INFO - ACK
2025-09-29 03:30:08,705 - INFO - ACK
2025-09-29 03:30:11,708 - INFO - ACK
2025-09-29 03:30:11,710 - INFO - ACK
2025-09-29 03:30:13,332 - ERROR - Listener-Fehler: Error parsing message with type 'FromEsp32' (File: proto_serial_client, Line: 245, Function: _listen_loop)
2025-09-29 03:30:13,509 - WARNING - Listener gestoppt reconnect (File: proto_serial_client, Line: 185, Function: _run_supervisor)
2025-09-29 03:30:13,511 - INFO - Link down
2025-09-29 03:30:13,511 - INFO - Reconnect in 0.50s
2025-09-29 03:30:14,030 - INFO - Link up: COM4 @500000
2025-09-29 03:30:14,034 - INFO - ACK
2025-09-29 03:30:14,036 - INFO - ACK
2025-09-29 03:30:17,037 - INFO - ACK
2025-09-29 03:30:17,039 - INFO - ACK
2025-09-29 03:30:18,619 - ERROR - Listener-Fehler: Error parsing message with type 'FromEsp32' (File: proto_serial_client, Line: 245, Function: _listen_loop)
2025-09-29 03:30:18,639 - WARNING - Listener gestoppt reconnect (File: proto_serial_client, Line: 185, Function: _run_supervisor)
2025-09-29 03:30:18,642 - INFO - Link down
2025-09-29 03:30:18,643 - INFO - Reconnect in 0.50s
2025-09-29 03:30:19,160 - INFO - Link up: COM4 @500000
2025-09-29 03:30:19,163 - INFO - ACK
2025-09-29 03:30:19,164 - INFO - ACK
2025-09-29 03:30:22,169 - INFO - ACK
2025-09-29 03:30:22,170 - INFO - ACK
2025-09-29 03:30:23,883 - ERROR - Listener-Fehler: Error parsing message with type 'FromEsp32' (File: proto_serial_client, Line: 245, Function: _listen_loop)
2025-09-29 03:30:23,969 - WARNING - Listener gestoppt reconnect (File: proto_serial_client, Line: 185, Function: _run_supervisor)
2025-09-29 03:30:23,971 - INFO - Link down
2025-09-29 03:30:23,971 - INFO - Reconnect in 0.50s
2025-09-29 03:30:24,490 - INFO - Link up: COM4 @500000
2025-09-29 03:30:24,494 - INFO - ACK
2025-09-29 03:30:24,497 - INFO - ACK
2025-09-29 03:30:27,498 - INFO - ACK
2025-09-29 03:30:27,500 - INFO - ACK
2025-09-29 03:30:29,175 - ERROR - Listener-Fehler: Error parsing message with type 'FromEsp32' (File: proto_serial_client, Line: 245, Function: _listen_loop)
2025-09-29 03:30:29,299 - WARNING - Listener gestoppt reconnect (File: proto_serial_client, Line: 185, Function: _run_supervisor)
2025-09-29 03:30:29,301 - INFO - Link down
2025-09-29 03:30:29,303 - INFO - Reconnect in 0.50s
2025-09-29 03:30:29,820 - INFO - Link up: COM4 @500000
2025-09-29 03:30:29,823 - INFO - ACK
2025-09-29 03:30:29,823 - INFO - ACK
2025-09-29 03:30:32,827 - INFO - ACK
2025-09-29 03:30:32,828 - INFO - ACK
2025-09-29 03:30:34,454 - ERROR - Listener-Fehler: Error parsing message with type 'FromEsp32' (File: proto_serial_client, Line: 245, Function: _listen_loop)
2025-09-29 03:30:34,629 - WARNING - Listener gestoppt reconnect (File: proto_serial_client, Line: 185, Function: _run_supervisor)
2025-09-29 03:30:34,630 - INFO - Link down
2025-09-29 03:30:34,631 - INFO - Reconnect in 0.50s
2025-09-29 03:30:35,148 - INFO - Link up: COM4 @500000
2025-09-29 03:30:35,152 - INFO - ACK
2025-09-29 03:30:35,154 - INFO - ACK
2025-09-29 03:30:38,156 - INFO - ACK
2025-09-29 03:30:38,158 - INFO - ACK
2025-09-29 03:30:39,732 - ERROR - Listener-Fehler: Error parsing message with type 'FromEsp32' (File: proto_serial_client, Line: 245, Function: _listen_loop)
2025-09-29 03:30:39,758 - WARNING - Listener gestoppt reconnect (File: proto_serial_client, Line: 185, Function: _run_supervisor)
2025-09-29 03:30:39,760 - INFO - Link down
2025-09-29 03:30:39,761 - INFO - Reconnect in 0.50s
2025-09-29 03:30:40,279 - INFO - Link up: COM4 @500000
2025-09-29 03:30:40,282 - INFO - ACK
2025-09-29 03:30:40,284 - INFO - ACK
2025-09-29 03:30:43,287 - INFO - ACK
2025-09-29 03:30:43,288 - INFO - ACK
2025-09-29 03:30:45,012 - ERROR - Listener-Fehler: Error parsing message with type 'FromEsp32' (File: proto_serial_client, Line: 245, Function: _listen_loop)
2025-09-29 03:30:45,087 - WARNING - Listener gestoppt reconnect (File: proto_serial_client, Line: 185, Function: _run_supervisor)
2025-09-29 03:30:45,088 - INFO - Link down
2025-09-29 03:30:45,089 - INFO - Reconnect in 0.50s
2025-09-29 03:30:45,608 - INFO - Link up: COM4 @500000
2025-09-29 03:30:45,611 - INFO - ACK
2025-09-29 03:30:45,613 - INFO - ACK
2025-09-29 03:30:48,615 - INFO - ACK
2025-09-29 03:30:48,617 - INFO - ACK
2025-09-29 03:30:50,290 - ERROR - Listener-Fehler: Error parsing message with type 'FromEsp32' (File: proto_serial_client, Line: 245, Function: _listen_loop)
2025-09-29 03:30:50,417 - WARNING - Listener gestoppt reconnect (File: proto_serial_client, Line: 185, Function: _run_supervisor)
2025-09-29 03:30:50,419 - INFO - Link down
2025-09-29 03:30:50,420 - INFO - Reconnect in 0.50s
2025-09-29 03:30:50,938 - INFO - Link up: COM4 @500000
2025-09-29 03:30:50,940 - INFO - ACK
2025-09-29 03:30:50,942 - INFO - ACK
2025-09-29 03:30:53,946 - INFO - ACK
2025-09-29 03:30:53,947 - INFO - ACK
2025-09-29 03:30:55,595 - ERROR - Listener-Fehler: Error parsing message with type 'FromEsp32' (File: proto_serial_client, Line: 245, Function: _listen_loop)
2025-09-29 03:30:55,747 - WARNING - Listener gestoppt reconnect (File: proto_serial_client, Line: 185, Function: _run_supervisor)
2025-09-29 03:30:55,750 - INFO - Link down
2025-09-29 03:30:55,751 - INFO - Reconnect in 0.50s
2025-09-29 03:30:56,269 - INFO - Link up: COM4 @500000
2025-09-29 03:30:56,273 - INFO - ACK
2025-09-29 03:30:56,276 - INFO - ACK
2025-09-29 03:30:59,278 - INFO - ACK
2025-09-29 03:30:59,280 - INFO - ACK
2025-09-29 03:31:00,840 - ERROR - Listener-Fehler: Error parsing message with type 'FromEsp32' (File: proto_serial_client, Line: 245, Function: _listen_loop)
2025-09-29 03:31:00,878 - WARNING - Listener gestoppt reconnect (File: proto_serial_client, Line: 185, Function: _run_supervisor)
2025-09-29 03:31:00,880 - INFO - Link down
2025-09-29 03:31:00,880 - INFO - Reconnect in 0.50s
2025-09-29 03:31:01,399 - INFO - Link up: COM4 @500000
2025-09-29 03:31:01,402 - INFO - ACK
2025-09-29 03:31:01,405 - INFO - ACK
2025-09-29 03:31:04,406 - INFO - ACK
2025-09-29 03:31:04,408 - INFO - ACK
2025-09-29 03:31:06,157 - ERROR - Listener-Fehler: Error parsing message with type 'FromEsp32' (File: proto_serial_client, Line: 245, Function: _listen_loop)
2025-09-29 03:31:06,208 - WARNING - Listener gestoppt reconnect (File: proto_serial_client, Line: 185, Function: _run_supervisor)
2025-09-29 03:31:06,211 - INFO - Link down
2025-09-29 03:31:06,212 - INFO - Reconnect in 0.50s
2025-09-29 03:31:06,731 - INFO - Link up: COM4 @500000
2025-09-29 03:31:06,734 - INFO - ACK
2025-09-29 03:31:06,736 - INFO - ACK
2025-09-29 03:31:09,740 - INFO - ACK
2025-09-29 03:31:09,742 - INFO - ACK
2025-09-29 03:31:11,400 - ERROR - Listener-Fehler: Error parsing message with type 'FromEsp32' (File: proto_serial_client, Line: 245, Function: _listen_loop)
2025-09-29 03:31:11,540 - WARNING - Listener gestoppt reconnect (File: proto_serial_client, Line: 185, Function: _run_supervisor)
2025-09-29 03:31:11,543 - INFO - Link down
2025-09-29 03:31:11,543 - INFO - Reconnect in 0.50s
2025-09-29 03:31:12,061 - INFO - Link up: COM4 @500000
2025-09-29 03:31:12,063 - INFO - ACK
2025-09-29 03:31:12,065 - INFO - ACK
2025-09-29 03:31:15,068 - INFO - ACK
2025-09-29 03:31:15,070 - INFO - ACK
2025-09-29 03:31:16,687 - ERROR - Listener-Fehler: Error parsing message with type 'FromEsp32' (File: proto_serial_client, Line: 245, Function: _listen_loop)
2025-09-29 03:31:16,869 - WARNING - Listener gestoppt reconnect (File: proto_serial_client, Line: 185, Function: _run_supervisor)
2025-09-29 03:31:16,871 - INFO - Link down
2025-09-29 03:31:16,872 - INFO - Reconnect in 0.50s
2025-09-29 03:31:17,391 - INFO - Link up: COM4 @500000
2025-09-29 03:31:17,394 - INFO - ACK
2025-09-29 03:31:17,395 - INFO - ACK
2025-09-29 03:31:20,398 - INFO - ACK
2025-09-29 03:31:20,400 - INFO - ACK
2025-09-29 03:31:21,956 - ERROR - Listener-Fehler: Error parsing message with type 'FromEsp32' (File: proto_serial_client, Line: 245, Function: _listen_loop)
2025-09-29 03:31:22,000 - WARNING - Listener gestoppt reconnect (File: proto_serial_client, Line: 185, Function: _run_supervisor)
2025-09-29 03:31:22,002 - INFO - Link down
2025-09-29 03:31:22,003 - INFO - Reconnect in 0.50s
2025-09-29 03:31:22,521 - INFO - Link up: COM4 @500000
2025-09-29 03:31:22,524 - INFO - ACK
2025-09-29 03:31:22,526 - INFO - ACK
2025-09-29 03:31:25,528 - INFO - ACK
2025-09-29 03:31:25,530 - INFO - ACK
2025-09-29 03:31:27,244 - ERROR - Listener-Fehler: Error parsing message with type 'FromEsp32' (File: proto_serial_client, Line: 245, Function: _listen_loop)
2025-09-29 03:31:27,331 - WARNING - Listener gestoppt reconnect (File: proto_serial_client, Line: 185, Function: _run_supervisor)
2025-09-29 03:31:27,333 - INFO - Link down
2025-09-29 03:31:27,333 - INFO - Reconnect in 0.50s
2025-09-29 03:31:27,850 - INFO - Link up: COM4 @500000
2025-09-29 03:31:27,853 - INFO - ACK
2025-09-29 03:31:27,855 - INFO - ACK
2025-09-29 03:31:30,857 - INFO - ACK
2025-09-29 03:31:30,859 - INFO - ACK
2025-09-29 03:31:32,516 - ERROR - Listener-Fehler: Error parsing message with type 'FromEsp32' (File: proto_serial_client, Line: 245, Function: _listen_loop)
2025-09-29 03:31:32,659 - WARNING - Listener gestoppt reconnect (File: proto_serial_client, Line: 185, Function: _run_supervisor)
2025-09-29 03:31:32,661 - INFO - Link down
2025-09-29 03:31:32,662 - INFO - Reconnect in 0.50s
2025-09-29 03:31:33,180 - INFO - Link up: COM4 @500000
2025-09-29 03:31:33,183 - INFO - ACK
2025-09-29 03:31:33,185 - INFO - ACK
2025-09-29 03:31:37,101 - INFO - Link up: COM4 @500000
2025-09-29 03:31:37,103 - INFO - ACK
2025-09-29 03:31:37,177 - INFO - ACK
2025-09-29 03:31:37,832 - ERROR - Listener-Fehler: Error parsing message with type 'FromEsp32' (File: proto_serial_client, Line: 245, Function: _listen_loop)
2025-09-29 03:31:37,904 - WARNING - Listener gestoppt reconnect (File: proto_serial_client, Line: 185, Function: _run_supervisor)
2025-09-29 03:31:37,906 - INFO - Link down
2025-09-29 03:31:37,907 - INFO - Reconnect in 0.50s
2025-09-29 03:31:38,425 - INFO - Link up: COM4 @500000
2025-09-29 03:31:38,429 - INFO - ACK
2025-09-29 03:31:38,430 - INFO - ACK
2025-09-29 03:31:41,430 - INFO - ACK
2025-09-29 03:31:41,432 - INFO - ACK
2025-09-29 03:31:43,080 - ERROR - Listener-Fehler: Error parsing message with type 'FromEsp32' (File: proto_serial_client, Line: 245, Function: _listen_loop)
2025-09-29 03:31:43,233 - WARNING - Listener gestoppt reconnect (File: proto_serial_client, Line: 185, Function: _run_supervisor)
2025-09-29 03:31:43,235 - INFO - Link down
2025-09-29 03:31:43,236 - INFO - Reconnect in 0.50s
2025-09-29 03:31:43,753 - INFO - Link up: COM4 @500000
2025-09-29 03:31:43,756 - INFO - ACK
2025-09-29 03:31:43,759 - INFO - ACK
2025-09-29 03:31:46,763 - INFO - ACK
2025-09-29 03:31:46,764 - INFO - ACK
2025-09-29 03:31:48,392 - ERROR - Listener-Fehler: Error parsing message with type 'FromEsp32' (File: proto_serial_client, Line: 245, Function: _listen_loop)
2025-09-29 03:31:48,563 - WARNING - Listener gestoppt reconnect (File: proto_serial_client, Line: 185, Function: _run_supervisor)
2025-09-29 03:31:48,565 - INFO - Link down
2025-09-29 03:31:48,565 - INFO - Reconnect in 0.50s
2025-09-29 03:31:49,084 - INFO - Link up: COM4 @500000
2025-09-29 03:31:49,087 - INFO - ACK
2025-09-29 03:31:49,088 - INFO - ACK
2025-09-29 03:31:52,092 - INFO - ACK
2025-09-29 03:31:52,093 - INFO - ACK
2025-09-29 03:31:53,639 - ERROR - Listener-Fehler: Error parsing message with type 'FromEsp32' (File: proto_serial_client, Line: 245, Function: _listen_loop)
2025-09-29 03:31:53,694 - WARNING - Listener gestoppt reconnect (File: proto_serial_client, Line: 185, Function: _run_supervisor)
2025-09-29 03:31:53,695 - INFO - Link down
2025-09-29 03:31:53,696 - INFO - Reconnect in 0.50s
2025-09-29 03:31:54,214 - INFO - Link up: COM4 @500000
2025-09-29 03:31:54,218 - INFO - ACK
2025-09-29 03:31:54,220 - INFO - ACK
2025-09-29 03:31:57,222 - INFO - ACK
2025-09-29 03:31:57,223 - INFO - ACK
2025-09-29 03:31:58,949 - ERROR - Listener-Fehler: Error parsing message with type 'FromEsp32' (File: proto_serial_client, Line: 245, Function: _listen_loop)
2025-09-29 03:31:59,024 - WARNING - Listener gestoppt reconnect (File: proto_serial_client, Line: 185, Function: _run_supervisor)
2025-09-29 03:31:59,025 - INFO - Link down
2025-09-29 03:31:59,026 - INFO - Reconnect in 0.50s
2025-09-29 03:31:59,545 - INFO - Link up: COM4 @500000
2025-09-29 03:31:59,549 - INFO - ACK
2025-09-29 03:31:59,550 - INFO - ACK
2025-09-29 03:32:02,551 - INFO - ACK
2025-09-29 03:32:02,553 - INFO - ACK
2025-09-29 03:32:04,194 - ERROR - Listener-Fehler: Error parsing message with type 'FromEsp32' (File: proto_serial_client, Line: 245, Function: _listen_loop)
2025-09-29 03:32:04,353 - WARNING - Listener gestoppt reconnect (File: proto_serial_client, Line: 185, Function: _run_supervisor)
2025-09-29 03:32:04,354 - INFO - Link down
2025-09-29 03:32:04,355 - INFO - Reconnect in 0.50s
2025-09-29 03:32:04,873 - INFO - Link up: COM4 @500000
2025-09-29 03:32:04,876 - INFO - ACK
2025-09-29 03:32:04,879 - INFO - ACK
2025-09-29 03:32:07,880 - INFO - ACK
2025-09-29 03:32:07,881 - INFO - ACK
2025-09-29 03:32:09,506 - ERROR - Listener-Fehler: Error parsing message with type 'FromEsp32' (File: proto_serial_client, Line: 245, Function: _listen_loop)
2025-09-29 03:32:09,682 - WARNING - Listener gestoppt reconnect (File: proto_serial_client, Line: 185, Function: _run_supervisor)
2025-09-29 03:32:09,684 - INFO - Link down
2025-09-29 03:32:09,685 - INFO - Reconnect in 0.50s
2025-09-29 03:32:10,204 - INFO - Link up: COM4 @500000
2025-09-29 03:32:10,207 - INFO - ACK
2025-09-29 03:32:10,209 - INFO - ACK
2025-09-29 03:32:13,211 - INFO - ACK
2025-09-29 03:32:13,212 - INFO - ACK
2025-09-29 03:32:14,757 - ERROR - Listener-Fehler: Error parsing message with type 'FromEsp32' (File: proto_serial_client, Line: 245, Function: _listen_loop)
2025-09-29 03:32:14,811 - WARNING - Listener gestoppt reconnect (File: proto_serial_client, Line: 185, Function: _run_supervisor)
2025-09-29 03:32:14,813 - INFO - Link down
2025-09-29 03:32:14,814 - INFO - Reconnect in 0.50s
2025-09-29 03:32:15,333 - INFO - Link up: COM4 @500000
2025-09-29 03:32:15,336 - INFO - ACK
2025-09-29 03:32:15,337 - INFO - ACK
2025-09-29 03:32:18,341 - INFO - ACK
2025-09-29 03:32:18,342 - INFO - ACK
2025-09-29 03:32:20,064 - ERROR - Listener-Fehler: Error parsing message with type 'FromEsp32' (File: proto_serial_client, Line: 245, Function: _listen_loop)
2025-09-29 03:32:20,142 - WARNING - Listener gestoppt reconnect (File: proto_serial_client, Line: 185, Function: _run_supervisor)
2025-09-29 03:32:20,143 - INFO - Link down
2025-09-29 03:32:20,145 - INFO - Reconnect in 0.50s
2025-09-29 03:32:20,663 - INFO - Link up: COM4 @500000
2025-09-29 03:32:20,666 - INFO - ACK
2025-09-29 03:32:20,667 - INFO - ACK
2025-09-29 03:32:23,670 - INFO - ACK
2025-09-29 03:32:23,671 - INFO - ACK
2025-09-29 03:32:25,313 - ERROR - Listener-Fehler: Error parsing message with type 'FromEsp32' (File: proto_serial_client, Line: 245, Function: _listen_loop)
2025-09-29 03:32:25,470 - WARNING - Listener gestoppt reconnect (File: proto_serial_client, Line: 185, Function: _run_supervisor)
2025-09-29 03:32:25,472 - INFO - Link down
2025-09-29 03:32:25,472 - INFO - Reconnect in 0.50s
2025-09-29 03:32:25,991 - INFO - Link up: COM4 @500000
2025-09-29 03:32:25,994 - INFO - ACK
2025-09-29 03:32:25,996 - INFO - ACK
2025-09-29 03:32:28,999 - INFO - ACK
2025-09-29 03:32:29,001 - INFO - ACK
2025-09-29 03:32:30,597 - ERROR - Listener-Fehler: Error parsing message with type 'FromEsp32' (File: proto_serial_client, Line: 245, Function: _listen_loop)
2025-09-29 03:32:30,600 - WARNING - Listener gestoppt reconnect (File: proto_serial_client, Line: 185, Function: _run_supervisor)
2025-09-29 03:32:30,601 - INFO - Link down
2025-09-29 03:32:30,602 - INFO - Reconnect in 0.50s
2025-09-29 03:32:31,120 - INFO - Link up: COM4 @500000
2025-09-29 03:32:31,123 - INFO - ACK
2025-09-29 03:32:31,124 - INFO - ACK
2025-09-29 03:32:34,128 - INFO - ACK
2025-09-29 03:32:34,136 - INFO - ACK
2025-09-29 03:32:35,466 - INFO - GetSettings angefordert
2025-09-29 03:32:35,467 - INFO - Settings  current_signal_selection_state=False, action_state=1, timestamp=4894865
2025-09-29 03:32:35,468 - INFO - Settings: current_signal_selection_state=False, action_state=1, ts=4894865
2025-09-29 03:32:35,864 - ERROR - Listener-Fehler: Error parsing message with type 'FromEsp32' (File: proto_serial_client, Line: 245, Function: _listen_loop)
2025-09-29 03:32:35,929 - WARNING - Listener gestoppt reconnect (File: proto_serial_client, Line: 185, Function: _run_supervisor)
2025-09-29 03:32:35,932 - INFO - Link down
2025-09-29 03:32:35,933 - INFO - Reconnect in 0.50s
2025-09-29 03:32:36,451 - INFO - Link up: COM4 @500000
2025-09-29 03:32:36,454 - INFO - ACK
2025-09-29 03:32:36,457 - INFO - ACK
2025-09-29 03:32:36,938 - INFO - GetSettings angefordert
2025-09-29 03:32:36,940 - INFO - Settings  current_signal_selection_state=False, action_state=1, timestamp=1087864
2025-09-29 03:32:36,942 - INFO - Settings: current_signal_selection_state=False, action_state=1, ts=1087864
2025-09-29 03:32:38,298 - INFO - GetSettings angefordert
2025-09-29 03:32:38,299 - INFO - Settings  current_signal_selection_state=False, action_state=1, timestamp=2447864
2025-09-29 03:32:38,302 - INFO - Settings: current_signal_selection_state=False, action_state=1, ts=2447864
2025-09-29 03:32:38,498 - INFO - GetSettings angefordert
2025-09-29 03:32:38,500 - INFO - Settings  current_signal_selection_state=False, action_state=1, timestamp=2648864
2025-09-29 03:32:38,502 - INFO - Settings: current_signal_selection_state=False, action_state=1, ts=2648864
2025-09-29 03:32:38,946 - INFO - GetSettings angefordert
2025-09-29 03:32:38,946 - INFO - Settings  current_signal_selection_state=False, action_state=1, timestamp=3095864
2025-09-29 03:32:38,949 - INFO - Settings: current_signal_selection_state=False, action_state=1, ts=3095864
2025-09-29 03:32:39,306 - INFO - GetSettings angefordert
2025-09-29 03:32:39,307 - INFO - Settings  current_signal_selection_state=False, action_state=1, timestamp=3455864
2025-09-29 03:32:39,310 - INFO - Settings: current_signal_selection_state=False, action_state=1, ts=3455864
2025-09-29 03:32:39,460 - INFO - ACK
2025-09-29 03:32:39,461 - INFO - ACK
2025-09-29 03:32:39,716 - INFO - GetSettings angefordert
2025-09-29 03:32:39,716 - INFO - Settings  current_signal_selection_state=False, action_state=1, timestamp=3864856
2025-09-29 03:32:39,722 - INFO - Settings: current_signal_selection_state=False, action_state=1, ts=3864856
2025-09-29 03:32:40,138 - INFO - GetSettings angefordert
2025-09-29 03:32:40,139 - INFO - Settings  current_signal_selection_state=False, action_state=1, timestamp=4287864
2025-09-29 03:32:40,141 - INFO - Settings: current_signal_selection_state=False, action_state=1, ts=4287864
2025-09-29 03:32:40,579 - INFO - GetSettings angefordert
2025-09-29 03:32:40,581 - INFO - Settings  current_signal_selection_state=False, action_state=1, timestamp=4727864
2025-09-29 03:32:40,583 - INFO - Settings: current_signal_selection_state=False, action_state=1, ts=4727864
2025-09-29 03:32:40,842 - INFO - GetSettings angefordert
2025-09-29 03:32:40,843 - INFO - Settings  current_signal_selection_state=False, action_state=1, timestamp=4991864
2025-09-29 03:32:40,846 - INFO - Settings: current_signal_selection_state=False, action_state=1, ts=4991864
2025-09-29 03:32:41,151 - ERROR - Listener-Fehler: Error parsing message with type 'FromEsp32' (File: proto_serial_client, Line: 245, Function: _listen_loop)
2025-09-29 03:32:41,261 - WARNING - Listener gestoppt reconnect (File: proto_serial_client, Line: 185, Function: _run_supervisor)
2025-09-29 03:32:41,263 - INFO - Link down
2025-09-29 03:32:41,264 - INFO - Reconnect in 0.50s
2025-09-29 03:32:41,290 - INFO - ERROR RuntimeError: Nicht verbunden
2025-09-29 03:32:41,782 - INFO - Link up: COM4 @500000
2025-09-29 03:32:41,784 - INFO - ACK
2025-09-29 03:32:41,789 - INFO - ACK
2025-09-29 03:32:43,356 - INFO - GetSettings angefordert
2025-09-29 03:32:43,358 - INFO - Settings  current_signal_selection_state=False, action_state=1, timestamp=2225862
2025-09-29 03:32:43,360 - INFO - Settings: current_signal_selection_state=False, action_state=1, ts=2225862
2025-09-29 03:32:43,883 - INFO - GetSettings angefordert
2025-09-29 03:32:43,884 - INFO - Settings  current_signal_selection_state=False, action_state=1, timestamp=2753862
2025-09-29 03:32:43,886 - INFO - Settings: current_signal_selection_state=False, action_state=1, ts=2753862
2025-09-29 03:32:44,394 - INFO - GetSettings angefordert
2025-09-29 03:32:44,396 - INFO - Settings  current_signal_selection_state=False, action_state=1, timestamp=3265862
2025-09-29 03:32:44,397 - INFO - Settings: current_signal_selection_state=False, action_state=1, ts=3265862
2025-09-29 03:32:44,789 - INFO - ACK
2025-09-29 03:32:44,791 - INFO - ACK
2025-09-29 03:32:44,843 - INFO - GetSettings angefordert
2025-09-29 03:32:44,844 - INFO - Settings  current_signal_selection_state=False, action_state=1, timestamp=3713866
2025-09-29 03:32:44,846 - INFO - Settings: current_signal_selection_state=False, action_state=1, ts=3713866
2025-09-29 03:32:45,410 - INFO - GetSettings angefordert
2025-09-29 03:32:45,411 - INFO - Settings  current_signal_selection_state=False, action_state=1, timestamp=4280862
2025-09-29 03:32:45,413 - INFO - Settings: current_signal_selection_state=False, action_state=1, ts=4280862
2025-09-29 03:32:46,179 - INFO - SetSettings gesendet (state=1)
2025-09-29 03:32:46,435 - ERROR - Listener-Fehler: Error parsing message with type 'FromEsp32' (File: proto_serial_client, Line: 245, Function: _listen_loop)
2025-09-29 03:32:46,590 - WARNING - Listener gestoppt reconnect (File: proto_serial_client, Line: 185, Function: _run_supervisor)
2025-09-29 03:32:46,593 - INFO - Link down
2025-09-29 03:32:46,593 - INFO - Reconnect in 0.50s
2025-09-29 03:32:47,043 - INFO - ERROR RuntimeError: Nicht verbunden
2025-09-29 03:32:47,111 - INFO - Link up: COM4 @500000
2025-09-29 03:32:47,115 - INFO - ACK
2025-09-29 03:32:47,121 - INFO - ACK
2025-09-29 03:32:50,121 - INFO - ACK
2025-09-29 03:32:50,123 - INFO - ACK
2025-09-29 03:32:51,711 - ERROR - Listener-Fehler: Error parsing message with type 'FromEsp32' (File: proto_serial_client, Line: 245, Function: _listen_loop)
2025-09-29 03:32:51,721 - WARNING - Listener gestoppt reconnect (File: proto_serial_client, Line: 185, Function: _run_supervisor)
2025-09-29 03:32:51,724 - INFO - Link down
2025-09-29 03:32:51,725 - INFO - Reconnect in 0.50s
2025-09-29 03:32:52,243 - INFO - Link up: COM4 @500000
2025-09-29 03:32:52,246 - INFO - ACK
2025-09-29 03:34:51,023 - INFO - Link up: COM4 @500000
2025-09-29 03:34:51,026 - INFO - ACK
2025-09-29 03:34:51,058 - INFO - ACK
2025-09-29 03:34:53,131 - ERROR - Listener-Fehler: Error parsing message with type 'FromEsp32' (File: proto_serial_client, Line: 245, Function: _listen_loop)
2025-09-29 03:34:53,227 - WARNING - Listener gestoppt reconnect (File: proto_serial_client, Line: 185, Function: _run_supervisor)
2025-09-29 03:34:53,228 - INFO - Link down
2025-09-29 03:34:53,229 - INFO - Reconnect in 0.50s
2025-09-29 03:34:53,747 - INFO - Link up: COM4 @500000
2025-09-29 03:34:53,750 - INFO - ACK
2025-09-29 03:34:53,751 - INFO - ACK
2025-09-29 03:34:56,756 - INFO - ACK
2025-09-29 03:34:56,757 - INFO - ACK
2025-09-29 03:34:58,407 - ERROR - Listener-Fehler: Error parsing message with type 'FromEsp32' (File: proto_serial_client, Line: 245, Function: _listen_loop)
2025-09-29 03:34:58,557 - WARNING - Listener gestoppt reconnect (File: proto_serial_client, Line: 185, Function: _run_supervisor)
2025-09-29 03:34:58,558 - INFO - Link down
2025-09-29 03:34:58,560 - INFO - Reconnect in 0.50s
2025-09-29 03:34:59,077 - INFO - Link up: COM4 @500000
2025-09-29 03:34:59,081 - INFO - ACK
2025-09-29 03:34:59,082 - INFO - ACK
2025-09-29 03:35:02,085 - INFO - ACK
2025-09-29 03:35:02,086 - INFO - ACK
2025-09-29 03:35:03,677 - ERROR - Listener-Fehler: Error parsing message with type 'FromEsp32' (File: proto_serial_client, Line: 245, Function: _listen_loop)
2025-09-29 03:35:03,685 - WARNING - Listener gestoppt reconnect (File: proto_serial_client, Line: 185, Function: _run_supervisor)
2025-09-29 03:35:03,689 - INFO - Link down
2025-09-29 03:35:03,690 - INFO - Reconnect in 0.50s
2025-09-29 03:35:04,208 - INFO - Link up: COM4 @500000
2025-09-29 03:35:04,210 - INFO - ACK
2025-09-29 03:35:04,211 - INFO - ACK
2025-09-29 03:35:07,216 - INFO - ACK
2025-09-29 03:35:07,217 - INFO - ACK
2025-09-29 03:35:08,968 - ERROR - Listener-Fehler: Error parsing message with type 'FromEsp32' (File: proto_serial_client, Line: 245, Function: _listen_loop)
2025-09-29 03:35:09,017 - WARNING - Listener gestoppt reconnect (File: proto_serial_client, Line: 185, Function: _run_supervisor)
2025-09-29 03:35:09,018 - INFO - Link down
2025-09-29 03:35:09,019 - INFO - Reconnect in 0.50s
2025-09-29 03:35:09,536 - INFO - Link up: COM4 @500000
2025-09-29 03:35:09,539 - INFO - ACK
2025-09-29 03:35:09,540 - INFO - ACK
2025-09-29 03:35:12,545 - INFO - ACK
2025-09-29 03:35:12,546 - INFO - ACK
2025-09-29 03:35:14,244 - ERROR - Listener-Fehler: Error parsing message with type 'FromEsp32' (File: proto_serial_client, Line: 245, Function: _listen_loop)
2025-09-29 03:35:14,346 - WARNING - Listener gestoppt reconnect (File: proto_serial_client, Line: 185, Function: _run_supervisor)
2025-09-29 03:35:14,348 - INFO - Link down
2025-09-29 03:35:14,349 - INFO - Reconnect in 0.50s
2025-09-29 03:35:14,867 - INFO - Link up: COM4 @500000
2025-09-29 03:35:14,870 - INFO - ACK
2025-09-29 03:35:14,872 - INFO - ACK
2025-09-29 03:35:17,876 - INFO - ACK
2025-09-29 03:35:17,877 - INFO - ACK
2025-09-29 03:35:19,560 - ERROR - Listener-Fehler: Error parsing message with type 'FromEsp32' (File: proto_serial_client, Line: 245, Function: _listen_loop)
2025-09-29 03:35:19,677 - WARNING - Listener gestoppt reconnect (File: proto_serial_client, Line: 185, Function: _run_supervisor)
2025-09-29 03:35:19,679 - INFO - Link down
2025-09-29 03:35:19,680 - INFO - Reconnect in 0.50s
2025-09-29 03:35:20,198 - INFO - Link up: COM4 @500000
2025-09-29 03:35:20,200 - INFO - ACK
2025-09-29 03:35:20,203 - INFO - ACK
2025-09-29 03:35:23,206 - INFO - ACK
2025-09-29 03:35:23,207 - INFO - ACK
2025-09-29 03:35:24,805 - ERROR - Listener-Fehler: Error parsing message with type 'FromEsp32' (File: proto_serial_client, Line: 245, Function: _listen_loop)
2025-09-29 03:35:24,807 - WARNING - Listener gestoppt reconnect (File: proto_serial_client, Line: 185, Function: _run_supervisor)
2025-09-29 03:35:24,810 - INFO - Link down
2025-09-29 03:35:24,811 - INFO - Reconnect in 0.50s
2025-09-29 03:35:25,329 - INFO - Link up: COM4 @500000
2025-09-29 03:35:25,332 - INFO - ACK
2025-09-29 03:35:25,333 - INFO - ACK
2025-09-29 03:35:28,337 - INFO - ACK
2025-09-29 03:35:28,340 - INFO - ACK
2025-09-29 03:35:30,084 - ERROR - Listener-Fehler: Error parsing message with type 'FromEsp32' (File: proto_serial_client, Line: 245, Function: _listen_loop)
2025-09-29 03:35:30,139 - WARNING - Listener gestoppt reconnect (File: proto_serial_client, Line: 185, Function: _run_supervisor)
2025-09-29 03:35:30,142 - INFO - Link down
2025-09-29 03:35:30,143 - INFO - Reconnect in 0.50s
2025-09-29 03:35:30,660 - INFO - Link up: COM4 @500000
2025-09-29 03:35:30,664 - INFO - ACK
2025-09-29 03:35:30,664 - INFO - ACK
2025-09-29 03:35:33,668 - INFO - ACK
2025-09-29 03:35:33,670 - INFO - ACK
2025-09-29 03:35:35,388 - ERROR - Listener-Fehler: Error parsing message with type 'FromEsp32' (File: proto_serial_client, Line: 245, Function: _listen_loop)
2025-09-29 03:35:35,469 - WARNING - Listener gestoppt reconnect (File: proto_serial_client, Line: 185, Function: _run_supervisor)
2025-09-29 03:35:35,473 - INFO - Link down
2025-09-29 03:35:35,474 - INFO - Reconnect in 0.50s
2025-09-29 03:35:35,992 - INFO - Link up: COM4 @500000
2025-09-29 03:35:35,995 - INFO - ACK
2025-09-29 03:35:35,997 - INFO - ACK
2025-09-29 03:35:39,002 - INFO - ACK
2025-09-29 03:35:39,004 - INFO - ACK
2025-09-29 03:35:40,638 - ERROR - Listener-Fehler: Error parsing message with type 'FromEsp32' (File: proto_serial_client, Line: 245, Function: _listen_loop)
2025-09-29 03:35:40,802 - WARNING - Listener gestoppt reconnect (File: proto_serial_client, Line: 185, Function: _run_supervisor)
2025-09-29 03:35:40,805 - INFO - Link down
2025-09-29 03:35:40,806 - INFO - Reconnect in 0.50s
2025-09-29 03:35:41,323 - INFO - Link up: COM4 @500000
2025-09-29 03:35:41,327 - INFO - ACK
2025-09-29 03:35:41,329 - INFO - ACK
2025-09-29 03:35:44,330 - INFO - ACK
2025-09-29 03:35:44,333 - INFO - ACK
2025-09-29 03:35:45,953 - ERROR - Listener-Fehler: Error parsing message with type 'FromEsp32' (File: proto_serial_client, Line: 245, Function: _listen_loop)
2025-09-29 03:35:46,132 - WARNING - Listener gestoppt reconnect (File: proto_serial_client, Line: 185, Function: _run_supervisor)
2025-09-29 03:35:46,134 - INFO - Link down
2025-09-29 03:35:46,134 - INFO - Reconnect in 0.50s
2025-09-29 03:35:46,652 - INFO - Link up: COM4 @500000
2025-09-29 03:35:46,656 - INFO - ACK
2025-09-29 03:35:46,658 - INFO - ACK
2025-09-29 03:35:49,659 - INFO - ACK
2025-09-29 03:35:49,661 - INFO - ACK
2025-09-29 03:35:51,200 - ERROR - Listener-Fehler: Error parsing message with type 'FromEsp32' (File: proto_serial_client, Line: 245, Function: _listen_loop)
2025-09-29 03:35:51,261 - WARNING - Listener gestoppt reconnect (File: proto_serial_client, Line: 185, Function: _run_supervisor)
2025-09-29 03:35:51,263 - INFO - Link down
2025-09-29 03:35:51,264 - INFO - Reconnect in 0.50s
2025-09-29 03:35:51,782 - INFO - Link up: COM4 @500000
2025-09-29 03:35:51,785 - INFO - ACK
2025-09-29 03:35:51,788 - INFO - ACK
2025-09-29 03:35:54,788 - INFO - ACK
2025-09-29 03:35:54,790 - INFO - ACK
2025-09-29 03:35:56,479 - ERROR - Listener-Fehler: Error parsing message with type 'FromEsp32' (File: proto_serial_client, Line: 245, Function: _listen_loop)
2025-09-29 03:35:56,591 - WARNING - Listener gestoppt reconnect (File: proto_serial_client, Line: 185, Function: _run_supervisor)
2025-09-29 03:35:56,592 - INFO - Link down
2025-09-29 03:35:56,593 - INFO - Reconnect in 0.50s
2025-09-29 03:35:57,111 - INFO - Link up: COM4 @500000
2025-09-29 03:35:57,114 - INFO - ACK
2025-09-29 03:35:57,118 - INFO - ACK
2025-09-29 03:36:00,120 - INFO - ACK
2025-09-29 03:36:00,121 - INFO - ACK
2025-09-29 03:36:01,757 - ERROR - Listener-Fehler: Error parsing message with type 'FromEsp32' (File: proto_serial_client, Line: 245, Function: _listen_loop)
2025-09-29 03:36:01,921 - WARNING - Listener gestoppt reconnect (File: proto_serial_client, Line: 185, Function: _run_supervisor)
2025-09-29 03:36:01,923 - INFO - Link down
2025-09-29 03:36:01,924 - INFO - Reconnect in 0.50s
2025-09-29 03:36:02,443 - INFO - Link up: COM4 @500000
2025-09-29 03:36:02,446 - INFO - ACK
2025-09-29 03:36:02,448 - INFO - ACK
2025-09-29 03:36:05,450 - INFO - ACK
2025-09-29 03:36:05,452 - INFO - ACK
2025-09-29 03:36:07,039 - ERROR - Listener-Fehler: Error parsing message with type 'FromEsp32' (File: proto_serial_client, Line: 245, Function: _listen_loop)
2025-09-29 03:36:07,052 - WARNING - Listener gestoppt reconnect (File: proto_serial_client, Line: 185, Function: _run_supervisor)
2025-09-29 03:36:07,054 - INFO - Link down
2025-09-29 03:36:07,054 - INFO - Reconnect in 0.50s
2025-09-29 03:36:07,573 - INFO - Link up: COM4 @500000
2025-09-29 03:36:07,576 - INFO - ACK
2025-09-29 03:36:07,579 - INFO - ACK
2025-09-29 03:36:10,583 - INFO - ACK
2025-09-29 03:36:10,585 - INFO - ACK
2025-09-29 03:36:12,311 - ERROR - Listener-Fehler: Error parsing message with type 'FromEsp32' (File: proto_serial_client, Line: 245, Function: _listen_loop)
2025-09-29 03:36:12,383 - WARNING - Listener gestoppt reconnect (File: proto_serial_client, Line: 185, Function: _run_supervisor)
2025-09-29 03:36:12,385 - INFO - Link down
2025-09-29 03:36:12,385 - INFO - Reconnect in 0.50s
2025-09-29 03:36:12,903 - INFO - Link up: COM4 @500000
2025-09-29 03:36:12,906 - INFO - ACK
2025-09-29 03:36:12,908 - INFO - ACK
2025-09-29 03:36:15,911 - INFO - ACK
2025-09-29 03:36:15,912 - INFO - ACK
2025-09-29 03:36:17,594 - ERROR - Listener-Fehler: Error parsing message with type 'FromEsp32' (File: proto_serial_client, Line: 245, Function: _listen_loop)
2025-09-29 03:36:17,711 - WARNING - Listener gestoppt reconnect (File: proto_serial_client, Line: 185, Function: _run_supervisor)
2025-09-29 03:36:17,713 - INFO - Link down
2025-09-29 03:36:17,714 - INFO - Reconnect in 0.50s
2025-09-29 03:36:18,233 - INFO - Link up: COM4 @500000
2025-09-29 03:36:18,236 - INFO - ACK
2025-09-29 03:36:18,237 - INFO - ACK
2025-09-29 03:36:21,239 - INFO - ACK
2025-09-29 03:36:21,241 - INFO - ACK
2025-09-29 03:36:22,873 - ERROR - Listener-Fehler: Error parsing message with type 'FromEsp32' (File: proto_serial_client, Line: 245, Function: _listen_loop)
2025-09-29 03:36:23,040 - WARNING - Listener gestoppt reconnect (File: proto_serial_client, Line: 185, Function: _run_supervisor)
2025-09-29 03:36:23,042 - INFO - Link down
2025-09-29 03:36:23,043 - INFO - Reconnect in 0.50s
2025-09-29 03:36:23,561 - INFO - Link up: COM4 @500000
2025-09-29 03:36:23,564 - INFO - ACK
2025-09-29 03:36:23,566 - INFO - ACK
2025-09-29 03:36:26,573 - INFO - ACK
2025-09-29 03:36:26,575 - INFO - ACK
2025-09-29 03:36:28,185 - ERROR - Listener-Fehler: Error parsing message with type 'FromEsp32' (File: proto_serial_client, Line: 245, Function: _listen_loop)
2025-09-29 03:36:28,375 - WARNING - Listener gestoppt reconnect (File: proto_serial_client, Line: 185, Function: _run_supervisor)
2025-09-29 03:36:28,377 - INFO - Link down
2025-09-29 03:36:28,378 - INFO - Reconnect in 0.50s
2025-09-29 03:36:28,896 - INFO - Link up: COM4 @500000
2025-09-29 03:36:28,899 - INFO - ACK
2025-09-29 03:36:28,902 - INFO - ACK
2025-09-29 03:36:31,903 - INFO - ACK
2025-09-29 03:36:31,904 - INFO - ACK
2025-09-29 03:36:33,420 - ERROR - Listener-Fehler: Error parsing message with type 'FromEsp32' (File: proto_serial_client, Line: 245, Function: _listen_loop)
2025-09-29 03:36:33,504 - WARNING - Listener gestoppt reconnect (File: proto_serial_client, Line: 185, Function: _run_supervisor)
2025-09-29 03:36:33,506 - INFO - Link down
2025-09-29 03:36:33,506 - INFO - Reconnect in 0.50s
2025-09-29 03:36:34,024 - INFO - Link up: COM4 @500000
2025-09-29 03:36:34,028 - INFO - ACK
2025-09-29 03:36:34,030 - INFO - ACK
2025-09-29 03:36:37,033 - INFO - ACK
2025-09-29 03:36:37,035 - INFO - ACK
2025-09-29 03:36:38,711 - ERROR - Listener-Fehler: Error parsing message with type 'FromEsp32' (File: proto_serial_client, Line: 245, Function: _listen_loop)
2025-09-29 03:36:38,835 - WARNING - Listener gestoppt reconnect (File: proto_serial_client, Line: 185, Function: _run_supervisor)
2025-09-29 03:36:38,838 - INFO - Link down
2025-09-29 03:36:38,839 - INFO - Reconnect in 0.50s
2025-09-29 03:36:39,357 - INFO - Link up: COM4 @500000
2025-09-29 03:36:39,359 - INFO - ACK
2025-09-29 03:36:39,361 - INFO - ACK
2025-09-29 03:36:42,365 - INFO - ACK
2025-09-29 03:36:42,366 - INFO - ACK
2025-09-29 03:36:43,988 - ERROR - Listener-Fehler: Error parsing message with type 'FromEsp32' (File: proto_serial_client, Line: 245, Function: _listen_loop)
2025-09-29 03:36:44,166 - WARNING - Listener gestoppt reconnect (File: proto_serial_client, Line: 185, Function: _run_supervisor)
2025-09-29 03:36:44,168 - INFO - Link down
2025-09-29 03:36:44,168 - INFO - Reconnect in 0.50s
2025-09-29 03:36:44,686 - INFO - Link up: COM4 @500000
2025-09-29 03:36:44,689 - INFO - ACK
2025-09-29 03:36:44,690 - INFO - ACK
2025-09-29 03:36:47,693 - INFO - ACK
2025-09-29 03:36:47,695 - INFO - ACK
2025-09-29 03:36:49,271 - ERROR - Listener-Fehler: Error parsing message with type 'FromEsp32' (File: proto_serial_client, Line: 245, Function: _listen_loop)
2025-09-29 03:36:49,294 - WARNING - Listener gestoppt reconnect (File: proto_serial_client, Line: 185, Function: _run_supervisor)
2025-09-29 03:36:49,296 - INFO - Link down
2025-09-29 03:36:49,297 - INFO - Reconnect in 0.50s
2025-09-29 03:36:49,815 - INFO - Link up: COM4 @500000
2025-09-29 03:36:49,818 - INFO - ACK
2025-09-29 03:36:49,820 - INFO - ACK
2025-09-29 03:36:52,824 - INFO - ACK
2025-09-29 03:36:52,826 - INFO - ACK
2025-09-29 03:36:54,537 - ERROR - Listener-Fehler: Error parsing message with type 'FromEsp32' (File: proto_serial_client, Line: 245, Function: _listen_loop)
2025-09-29 03:36:54,625 - WARNING - Listener gestoppt reconnect (File: proto_serial_client, Line: 185, Function: _run_supervisor)
2025-09-29 03:36:54,967 - INFO - Link down
2025-09-29 03:36:54,968 - INFO - Reconnect in 0.50s
2025-09-29 03:36:55,486 - INFO - Link up: COM4 @500000
2025-09-29 03:36:55,489 - INFO - ACK
2025-09-29 03:36:55,492 - INFO - ACK
2025-09-29 03:36:58,493 - INFO - ACK
2025-09-29 03:36:58,495 - INFO - ACK
2025-09-29 03:36:59,825 - ERROR - Listener-Fehler: Error parsing message with type 'FromEsp32' (File: proto_serial_client, Line: 245, Function: _listen_loop)
2025-09-29 03:36:59,894 - WARNING - Listener gestoppt reconnect (File: proto_serial_client, Line: 185, Function: _run_supervisor)
2025-09-29 03:36:59,896 - INFO - Link down
2025-09-29 03:36:59,896 - INFO - Reconnect in 0.50s
2025-09-29 03:37:00,414 - INFO - Link up: COM4 @500000
2025-09-29 03:37:00,417 - INFO - ACK
2025-09-29 03:37:00,419 - INFO - ACK
2025-09-29 03:37:03,422 - INFO - ACK
2025-09-29 03:37:03,424 - INFO - ACK
2025-09-29 03:37:05,096 - ERROR - Listener-Fehler: Error parsing message with type 'FromEsp32' (File: proto_serial_client, Line: 245, Function: _listen_loop)
2025-09-29 03:37:05,222 - WARNING - Listener gestoppt reconnect (File: proto_serial_client, Line: 185, Function: _run_supervisor)
2025-09-29 03:37:05,224 - INFO - Link down
2025-09-29 03:37:05,225 - INFO - Reconnect in 0.50s
2025-09-29 03:37:05,744 - INFO - Link up: COM4 @500000
2025-09-29 03:37:05,747 - INFO - ACK
2025-09-29 03:37:05,749 - INFO - ACK
2025-09-29 03:37:08,752 - INFO - ACK
2025-09-29 03:37:08,754 - INFO - ACK
2025-09-29 03:37:10,383 - ERROR - Listener-Fehler: Error parsing message with type 'FromEsp32' (File: proto_serial_client, Line: 245, Function: _listen_loop)
2025-09-29 03:37:10,553 - WARNING - Listener gestoppt reconnect (File: proto_serial_client, Line: 185, Function: _run_supervisor)
2025-09-29 03:37:10,556 - INFO - Link down
2025-09-29 03:37:10,556 - INFO - Reconnect in 0.50s
2025-09-29 03:37:11,074 - INFO - Link up: COM4 @500000
2025-09-29 03:37:11,077 - INFO - ACK
2025-09-29 03:37:11,078 - INFO - ACK
2025-09-29 03:37:14,083 - INFO - ACK
2025-09-29 03:37:14,085 - INFO - ACK
2025-09-29 03:37:15,665 - ERROR - Listener-Fehler: Error parsing message with type 'FromEsp32' (File: proto_serial_client, Line: 245, Function: _listen_loop)
2025-09-29 03:37:15,684 - WARNING - Listener gestoppt reconnect (File: proto_serial_client, Line: 185, Function: _run_supervisor)
2025-09-29 03:37:15,686 - INFO - Link down
2025-09-29 03:37:15,687 - INFO - Reconnect in 0.50s
2025-09-29 03:37:16,205 - INFO - Link up: COM4 @500000
2025-09-29 03:37:16,207 - INFO - ACK
2025-09-29 03:37:16,210 - INFO - ACK
2025-09-29 03:37:19,211 - INFO - ACK
2025-09-29 03:37:19,213 - INFO - ACK
2025-09-29 03:37:20,944 - ERROR - Listener-Fehler: Error parsing message with type 'FromEsp32' (File: proto_serial_client, Line: 245, Function: _listen_loop)
2025-09-29 03:37:21,013 - WARNING - Listener gestoppt reconnect (File: proto_serial_client, Line: 185, Function: _run_supervisor)
2025-09-29 03:37:21,014 - INFO - Link down
2025-09-29 03:37:21,015 - INFO - Reconnect in 0.50s
2025-09-29 03:37:21,534 - INFO - Link up: COM4 @500000
2025-09-29 03:37:21,537 - INFO - ACK
2025-09-29 03:37:21,539 - INFO - ACK
2025-09-29 03:37:24,542 - INFO - ACK
2025-09-29 03:37:24,544 - INFO - ACK
2025-09-29 03:37:26,214 - ERROR - Listener-Fehler: Error parsing message with type 'FromEsp32' (File: proto_serial_client, Line: 245, Function: _listen_loop)
2025-09-29 03:37:26,343 - WARNING - Listener gestoppt reconnect (File: proto_serial_client, Line: 185, Function: _run_supervisor)
2025-09-29 03:37:26,859 - INFO - Link down
2025-09-29 03:37:26,860 - INFO - Reconnect in 0.50s
2025-09-29 03:37:27,379 - INFO - Link up: COM4 @500000
2025-09-29 03:37:27,382 - INFO - ACK
2025-09-29 03:37:27,385 - INFO - ACK
2025-09-29 03:37:30,386 - INFO - ACK
2025-09-29 03:37:30,387 - INFO - ACK
2025-09-29 03:37:30,489 - INFO - GetSettings angefordert
2025-09-29 03:37:30,491 - INFO - Settings  current_signal_selection_state=False, action_state=1, timestamp=4288863
2025-09-29 03:37:30,495 - INFO - Settings: current_signal_selection_state=False, action_state=1, ts=4288863
2025-09-29 03:37:31,502 - ERROR - Listener-Fehler: Error parsing message with type 'FromEsp32' (File: proto_serial_client, Line: 245, Function: _listen_loop)
2025-09-29 03:37:31,587 - WARNING - Listener gestoppt reconnect (File: proto_serial_client, Line: 185, Function: _run_supervisor)
2025-09-29 03:37:31,589 - INFO - Link down
2025-09-29 03:37:31,590 - INFO - Reconnect in 0.50s
2025-09-29 03:37:32,108 - INFO - Link up: COM4 @500000
2025-09-29 03:37:32,110 - INFO - ACK
2025-09-29 03:37:32,112 - INFO - ACK
2025-09-29 03:37:34,697 - INFO - Ping gesendet
2025-09-29 03:37:34,698 - INFO - ACK
2025-09-29 03:37:34,699 - INFO - ACK
2025-09-29 03:37:35,115 - INFO - ACK
2025-09-29 03:37:35,116 - INFO - ACK
2025-09-29 03:37:36,009 - INFO - Ping gesendet
2025-09-29 03:37:36,010 - INFO - ACK
2025-09-29 03:37:36,012 - INFO - ACK
2025-09-29 03:37:36,538 - INFO - Ping gesendet
2025-09-29 03:37:36,808 - ERROR - Listener-Fehler: Error parsing message with type 'FromEsp32' (File: proto_serial_client, Line: 245, Function: _listen_loop)
2025-09-29 03:37:36,917 - WARNING - Listener gestoppt reconnect (File: proto_serial_client, Line: 185, Function: _run_supervisor)
2025-09-29 03:37:36,919 - INFO - Link down
2025-09-29 03:37:36,920 - INFO - Reconnect in 0.50s
2025-09-29 03:37:37,208 - INFO - ERROR RuntimeError: Nicht verbunden
2025-09-29 03:37:37,439 - INFO - Link up: COM4 @500000
2025-09-29 03:37:37,442 - INFO - ACK
2025-09-29 03:37:37,449 - INFO - ACK
2025-09-29 03:37:40,447 - INFO - ACK
2025-09-29 03:37:40,449 - INFO - ACK
2025-09-29 03:37:42,058 - ERROR - Listener-Fehler: Error parsing message with type 'FromEsp32' (File: proto_serial_client, Line: 245, Function: _listen_loop)
2025-09-29 03:37:42,248 - WARNING - Listener gestoppt reconnect (File: proto_serial_client, Line: 185, Function: _run_supervisor)
2025-09-29 03:37:42,250 - INFO - Link down
2025-09-29 03:37:42,250 - INFO - Reconnect in 0.50s
2025-09-29 03:37:42,770 - INFO - Link up: COM4 @500000
2025-09-29 03:37:42,773 - INFO - ACK
2025-09-29 03:37:42,776 - INFO - ACK
2025-09-29 03:37:45,776 - INFO - ACK
2025-09-29 03:37:45,778 - INFO - ACK
2025-09-29 03:37:47,341 - ERROR - Listener-Fehler: Error parsing message with type 'FromEsp32' (File: proto_serial_client, Line: 245, Function: _listen_loop)
2025-09-29 03:37:47,378 - WARNING - Listener gestoppt reconnect (File: proto_serial_client, Line: 185, Function: _run_supervisor)
2025-09-29 03:37:47,381 - INFO - Link down
2025-09-29 03:37:47,381 - INFO - Reconnect in 0.50s
2025-09-29 03:37:47,900 - INFO - Link up: COM4 @500000
2025-09-29 03:37:47,903 - INFO - ACK
2025-09-29 03:37:47,905 - INFO - ACK
2025-09-29 03:37:50,907 - INFO - ACK
2025-09-29 03:37:50,909 - INFO - ACK
2025-09-29 03:37:52,607 - ERROR - Listener-Fehler: Error parsing message with type 'FromEsp32' (File: proto_serial_client, Line: 245, Function: _listen_loop)
2025-09-29 03:37:52,709 - WARNING - Listener gestoppt reconnect (File: proto_serial_client, Line: 185, Function: _run_supervisor)
2025-09-29 03:37:52,712 - INFO - Link down
2025-09-29 03:37:52,713 - INFO - Reconnect in 0.50s
2025-09-29 03:37:53,231 - INFO - Link up: COM4 @500000
2025-09-29 03:37:53,234 - INFO - ACK
2025-09-29 03:37:53,236 - INFO - ACK
2025-09-29 03:37:56,240 - INFO - ACK
2025-09-29 03:37:56,242 - INFO - ACK
2025-09-29 03:37:57,895 - ERROR - Listener-Fehler: Error parsing message with type 'FromEsp32' (File: proto_serial_client, Line: 245, Function: _listen_loop)
2025-09-29 03:37:58,041 - WARNING - Listener gestoppt reconnect (File: proto_serial_client, Line: 185, Function: _run_supervisor)
2025-09-29 03:37:58,317 - INFO - Link down
2025-09-29 03:37:58,318 - INFO - Reconnect in 0.50s
2025-09-29 03:37:58,836 - INFO - Link up: COM4 @500000
2025-09-29 03:37:58,838 - INFO - ACK
2025-09-29 03:37:58,842 - INFO - ACK
2025-09-29 03:38:01,843 - INFO - ACK
2025-09-29 03:38:01,845 - INFO - ACK
2025-09-29 03:38:03,179 - ERROR - Listener-Fehler: Error parsing message with type 'FromEsp32' (File: proto_serial_client, Line: 245, Function: _listen_loop)
2025-09-29 03:38:03,244 - WARNING - Listener gestoppt reconnect (File: proto_serial_client, Line: 185, Function: _run_supervisor)
2025-09-29 03:38:03,246 - INFO - Link down
2025-09-29 03:38:03,246 - INFO - Reconnect in 0.50s
2025-09-29 03:38:03,765 - INFO - Link up: COM4 @500000
2025-09-29 03:38:03,767 - INFO - ACK
2025-09-29 03:38:03,769 - INFO - ACK
2025-09-29 03:38:06,772 - INFO - ACK
2025-09-29 03:38:06,774 - INFO - ACK
2025-09-29 03:38:08,457 - ERROR - Listener-Fehler: Error parsing message with type 'FromEsp32' (File: proto_serial_client, Line: 245, Function: _listen_loop)
2025-09-29 03:38:08,573 - WARNING - Listener gestoppt reconnect (File: proto_serial_client, Line: 185, Function: _run_supervisor)
2025-09-29 03:38:08,575 - INFO - Link down
2025-09-29 03:38:08,575 - INFO - Reconnect in 0.50s
2025-09-29 03:38:09,095 - INFO - Link up: COM4 @500000
2025-09-29 03:38:09,098 - INFO - ACK
2025-09-29 03:38:09,101 - INFO - ACK
2025-09-29 03:38:12,102 - INFO - ACK
2025-09-29 03:38:12,104 - INFO - ACK
2025-09-29 03:38:13,733 - ERROR - Listener-Fehler: Error parsing message with type 'FromEsp32' (File: proto_serial_client, Line: 245, Function: _listen_loop)
2025-09-29 03:38:13,904 - WARNING - Listener gestoppt reconnect (File: proto_serial_client, Line: 185, Function: _run_supervisor)
2025-09-29 03:38:13,906 - INFO - Link down
2025-09-29 03:38:13,907 - INFO - Reconnect in 0.50s
2025-09-29 03:38:14,425 - INFO - Link up: COM4 @500000
2025-09-29 03:38:14,429 - INFO - ACK
2025-09-29 03:38:14,431 - INFO - ACK
2025-09-29 03:38:17,433 - INFO - ACK
2025-09-29 03:38:17,435 - INFO - ACK
2025-09-29 03:38:19,014 - ERROR - Listener-Fehler: Error parsing message with type 'FromEsp32' (File: proto_serial_client, Line: 245, Function: _listen_loop)
2025-09-29 03:38:19,035 - WARNING - Listener gestoppt reconnect (File: proto_serial_client, Line: 185, Function: _run_supervisor)
2025-09-29 03:38:19,037 - INFO - Link down
2025-09-29 03:38:19,037 - INFO - Reconnect in 0.50s
2025-09-29 03:38:19,556 - INFO - Link up: COM4 @500000
2025-09-29 03:38:19,558 - INFO - ACK
2025-09-29 03:38:19,560 - INFO - ACK
2025-09-29 03:38:22,565 - INFO - ACK
2025-09-29 03:38:22,567 - INFO - ACK
2025-09-29 03:38:24,318 - ERROR - Listener-Fehler: Error parsing message with type 'FromEsp32' (File: proto_serial_client, Line: 245, Function: _listen_loop)
2025-09-29 03:38:24,365 - WARNING - Listener gestoppt reconnect (File: proto_serial_client, Line: 185, Function: _run_supervisor)
2025-09-29 03:38:24,367 - INFO - Link down
2025-09-29 03:38:24,368 - INFO - Reconnect in 0.50s
2025-09-29 03:38:24,885 - INFO - Link up: COM4 @500000
2025-09-29 03:38:24,888 - INFO - ACK
2025-09-29 03:38:24,890 - INFO - ACK
2025-09-29 03:38:27,893 - INFO - ACK
2025-09-29 03:38:27,895 - INFO - ACK
2025-09-29 03:38:29,574 - ERROR - Listener-Fehler: Error parsing message with type 'FromEsp32' (File: proto_serial_client, Line: 245, Function: _listen_loop)
2025-09-29 03:38:29,695 - WARNING - Listener gestoppt reconnect (File: proto_serial_client, Line: 185, Function: _run_supervisor)
2025-09-29 03:38:29,778 - INFO - Link down
2025-09-29 03:38:29,779 - INFO - Reconnect in 0.50s
2025-09-29 03:38:30,298 - INFO - Link up: COM4 @500000
2025-09-29 03:38:30,300 - INFO - ACK
2025-09-29 03:38:30,303 - INFO - ACK
2025-09-29 03:38:33,304 - INFO - ACK
2025-09-29 03:38:33,306 - INFO - ACK
2025-09-29 03:38:34,849 - ERROR - Listener-Fehler: Error parsing message with type 'FromEsp32' (File: proto_serial_client, Line: 245, Function: _listen_loop)
2025-09-29 03:38:34,905 - WARNING - Listener gestoppt reconnect (File: proto_serial_client, Line: 185, Function: _run_supervisor)
2025-09-29 03:38:34,906 - INFO - Link down
2025-09-29 03:38:34,907 - INFO - Reconnect in 0.50s
2025-09-29 03:38:35,425 - INFO - Link up: COM4 @500000
2025-09-29 03:38:35,427 - INFO - ACK
2025-09-29 03:38:35,429 - INFO - ACK
2025-09-29 03:38:38,434 - INFO - ACK
2025-09-29 03:38:38,437 - INFO - ACK
2025-09-29 03:38:40,129 - ERROR - Listener-Fehler: Error parsing message with type 'FromEsp32' (File: proto_serial_client, Line: 245, Function: _listen_loop)
2025-09-29 03:38:40,233 - WARNING - Listener gestoppt reconnect (File: proto_serial_client, Line: 185, Function: _run_supervisor)
2025-09-29 03:38:40,235 - INFO - Link down
2025-09-29 03:38:40,237 - INFO - Reconnect in 0.50s
2025-09-29 03:38:40,755 - INFO - Link up: COM4 @500000
2025-09-29 03:38:40,758 - INFO - ACK
2025-09-29 03:38:40,759 - INFO - ACK
2025-09-29 03:38:43,889 - INFO - ACK
2025-09-29 03:38:43,892 - INFO - ACK
2025-09-29 03:38:45,405 - ERROR - Listener-Fehler: Error parsing message with type 'FromEsp32' (File: proto_serial_client, Line: 245, Function: _listen_loop)
2025-09-29 03:38:45,503 - WARNING - Listener gestoppt reconnect (File: proto_serial_client, Line: 185, Function: _run_supervisor)
2025-09-29 03:38:45,504 - INFO - Link down
2025-09-29 03:38:45,505 - INFO - Reconnect in 0.50s
2025-09-29 03:38:46,024 - INFO - Link up: COM4 @500000
2025-09-29 03:38:46,028 - INFO - ACK
2025-09-29 03:38:46,031 - INFO - ACK
2025-09-29 03:38:49,032 - INFO - ACK
2025-09-29 03:38:49,034 - INFO - ACK
2025-09-29 03:38:50,675 - ERROR - Listener-Fehler: Error parsing message with type 'FromEsp32' (File: proto_serial_client, Line: 245, Function: _listen_loop)
2025-09-29 03:38:50,834 - WARNING - Listener gestoppt reconnect (File: proto_serial_client, Line: 185, Function: _run_supervisor)
2025-09-29 03:38:50,837 - INFO - Link down
2025-09-29 03:38:50,838 - INFO - Reconnect in 0.50s
2025-09-29 03:38:51,357 - INFO - Link up: COM4 @500000
2025-09-29 03:38:51,359 - INFO - ACK
2025-09-29 03:38:51,361 - INFO - ACK
2025-09-29 03:38:54,363 - INFO - ACK
2025-09-29 03:38:54,367 - INFO - ACK
2025-09-29 03:38:55,968 - ERROR - Listener-Fehler: Error parsing message with type 'FromEsp32' (File: proto_serial_client, Line: 245, Function: _listen_loop)
2025-09-29 03:38:56,166 - WARNING - Listener gestoppt reconnect (File: proto_serial_client, Line: 185, Function: _run_supervisor)
2025-09-29 03:38:56,169 - INFO - Link down
2025-09-29 03:38:56,170 - INFO - Reconnect in 0.50s
2025-09-29 03:38:56,688 - INFO - Link up: COM4 @500000
2025-09-29 03:38:56,691 - INFO - ACK
2025-09-29 03:38:56,693 - INFO - ACK
2025-09-29 03:38:59,694 - INFO - ACK
2025-09-29 03:38:59,696 - INFO - ACK
2025-09-29 03:39:01,245 - ERROR - Listener-Fehler: Error parsing message with type 'FromEsp32' (File: proto_serial_client, Line: 245, Function: _listen_loop)
2025-09-29 03:39:01,295 - WARNING - Listener gestoppt reconnect (File: proto_serial_client, Line: 185, Function: _run_supervisor)
2025-09-29 03:39:01,316 - INFO - Link down
2025-09-29 03:39:01,317 - INFO - Reconnect in 0.50s
2025-09-29 03:39:01,835 - INFO - Link up: COM4 @500000
2025-09-29 03:39:01,838 - INFO - ACK
2025-09-29 03:39:01,840 - INFO - ACK
2025-09-29 03:39:04,843 - INFO - ACK
2025-09-29 03:39:04,844 - INFO - ACK
2025-09-29 03:39:06,524 - ERROR - Listener-Fehler: Error parsing message with type 'FromEsp32' (File: proto_serial_client, Line: 245, Function: _listen_loop)
2025-09-29 03:39:06,644 - WARNING - Listener gestoppt reconnect (File: proto_serial_client, Line: 185, Function: _run_supervisor)
2025-09-29 03:39:06,646 - INFO - Link down
2025-09-29 03:39:06,647 - INFO - Reconnect in 0.50s
2025-09-29 03:39:07,165 - INFO - Link up: COM4 @500000
2025-09-29 03:39:07,169 - INFO - ACK
2025-09-29 03:39:07,171 - INFO - ACK
2025-09-29 03:39:10,172 - INFO - ACK
2025-09-29 03:39:10,174 - INFO - ACK
2025-09-29 03:39:11,802 - ERROR - Listener-Fehler: Error parsing message with type 'FromEsp32' (File: proto_serial_client, Line: 245, Function: _listen_loop)
2025-09-29 03:39:11,974 - WARNING - Listener gestoppt reconnect (File: proto_serial_client, Line: 185, Function: _run_supervisor)
2025-09-29 03:39:11,978 - INFO - Link down
2025-09-29 03:39:11,978 - INFO - Reconnect in 0.50s
2025-09-29 03:39:12,497 - INFO - Link up: COM4 @500000
2025-09-29 03:39:12,500 - INFO - ACK
2025-09-29 03:39:12,501 - INFO - ACK
2025-09-29 03:39:15,503 - INFO - ACK
2025-09-29 03:39:15,505 - INFO - ACK
2025-09-29 03:39:17,086 - ERROR - Listener-Fehler: Error parsing message with type 'FromEsp32' (File: proto_serial_client, Line: 245, Function: _listen_loop)
2025-09-29 03:39:17,104 - WARNING - Listener gestoppt reconnect (File: proto_serial_client, Line: 185, Function: _run_supervisor)
2025-09-29 03:39:17,107 - INFO - Link down
2025-09-29 03:39:17,107 - INFO - Reconnect in 0.50s
2025-09-29 03:39:17,625 - INFO - Link up: COM4 @500000
2025-09-29 03:39:17,629 - INFO - ACK
2025-09-29 03:39:17,631 - INFO - ACK
2025-09-29 03:39:20,633 - INFO - ACK
2025-09-29 03:39:20,635 - INFO - ACK
2025-09-29 03:39:22,359 - ERROR - Listener-Fehler: Error parsing message with type 'FromEsp32' (File: proto_serial_client, Line: 245, Function: _listen_loop)
2025-09-29 03:39:22,435 - WARNING - Listener gestoppt reconnect (File: proto_serial_client, Line: 185, Function: _run_supervisor)
2025-09-29 03:39:22,438 - INFO - Link down
2025-09-29 03:39:22,438 - INFO - Reconnect in 0.50s
2025-09-29 03:39:22,957 - INFO - Link up: COM4 @500000
2025-09-29 03:39:22,960 - INFO - ACK
2025-09-29 03:39:22,963 - INFO - ACK
2025-09-29 03:39:25,964 - INFO - ACK
2025-09-29 03:39:25,965 - INFO - ACK
2025-09-29 03:39:27,641 - ERROR - Listener-Fehler: Error parsing message with type 'FromEsp32' (File: proto_serial_client, Line: 245, Function: _listen_loop)
2025-09-29 03:39:27,766 - WARNING - Listener gestoppt reconnect (File: proto_serial_client, Line: 185, Function: _run_supervisor)
2025-09-29 03:39:27,768 - INFO - Link down
2025-09-29 03:39:27,769 - INFO - Reconnect in 0.50s
2025-09-29 03:39:28,288 - INFO - Link up: COM4 @500000
2025-09-29 03:39:28,291 - INFO - ACK
2025-09-29 03:39:28,293 - INFO - ACK
2025-09-29 03:39:31,296 - INFO - ACK
2025-09-29 03:39:31,299 - INFO - ACK
2025-09-29 03:39:32,919 - ERROR - Listener-Fehler: Error parsing message with type 'FromEsp32' (File: proto_serial_client, Line: 245, Function: _listen_loop)
2025-09-29 03:39:33,096 - WARNING - Listener gestoppt reconnect (File: proto_serial_client, Line: 185, Function: _run_supervisor)
2025-09-29 03:39:33,098 - INFO - Link down
2025-09-29 03:39:33,099 - INFO - Reconnect in 0.50s
2025-09-29 03:39:33,618 - INFO - Link up: COM4 @500000
2025-09-29 03:39:33,621 - INFO - ACK
2025-09-29 03:39:33,623 - INFO - ACK
2025-09-29 03:39:36,624 - INFO - ACK
2025-09-29 03:39:36,626 - INFO - ACK
2025-09-29 03:39:38,187 - ERROR - Listener-Fehler: Error parsing message with type 'FromEsp32' (File: proto_serial_client, Line: 245, Function: _listen_loop)
2025-09-29 03:39:38,227 - WARNING - Listener gestoppt reconnect (File: proto_serial_client, Line: 185, Function: _run_supervisor)
2025-09-29 03:39:38,229 - INFO - Link down
2025-09-29 03:39:38,230 - INFO - Reconnect in 0.50s
2025-09-29 03:39:38,749 - INFO - Link up: COM4 @500000
2025-09-29 03:39:38,752 - INFO - ACK
2025-09-29 03:39:38,755 - INFO - ACK
2025-09-29 03:39:41,755 - INFO - ACK
2025-09-29 03:39:41,756 - INFO - ACK
2025-09-29 03:39:43,479 - ERROR - Listener-Fehler: Error parsing message with type 'FromEsp32' (File: proto_serial_client, Line: 245, Function: _listen_loop)
2025-09-29 03:39:43,558 - WARNING - Listener gestoppt reconnect (File: proto_serial_client, Line: 185, Function: _run_supervisor)
2025-09-29 03:39:43,559 - INFO - Link down
2025-09-29 03:39:43,559 - INFO - Reconnect in 0.50s
2025-09-29 03:39:44,078 - INFO - Link up: COM4 @500000
2025-09-29 03:39:44,082 - INFO - ACK
2025-09-29 03:39:44,083 - INFO - ACK
2025-09-29 03:39:47,086 - INFO - ACK
2025-09-29 03:39:47,087 - INFO - ACK
2025-09-29 03:39:48,758 - ERROR - Listener-Fehler: Error parsing message with type 'FromEsp32' (File: proto_serial_client, Line: 245, Function: _listen_loop)
2025-09-29 03:39:48,887 - WARNING - Listener gestoppt reconnect (File: proto_serial_client, Line: 185, Function: _run_supervisor)
2025-09-29 03:39:48,888 - INFO - Link down
2025-09-29 03:39:48,889 - INFO - Reconnect in 0.50s
2025-09-29 03:39:49,407 - INFO - Link up: COM4 @500000
2025-09-29 03:39:49,411 - INFO - ACK
2025-09-29 03:39:49,413 - INFO - ACK
2025-09-29 03:39:52,414 - INFO - ACK
2025-09-29 03:39:52,415 - INFO - ACK
2025-09-29 03:39:54,033 - ERROR - Listener-Fehler: Error parsing message with type 'FromEsp32' (File: proto_serial_client, Line: 245, Function: _listen_loop)
2025-09-29 03:39:54,216 - WARNING - Listener gestoppt reconnect (File: proto_serial_client, Line: 185, Function: _run_supervisor)
2025-09-29 03:39:54,219 - INFO - Link down
2025-09-29 03:39:54,220 - INFO - Reconnect in 0.50s
2025-09-29 03:39:54,738 - INFO - Link up: COM4 @500000
2025-09-29 03:39:54,742 - INFO - ACK
2025-09-29 03:39:54,744 - INFO - ACK
2025-09-29 03:39:57,745 - INFO - ACK
2025-09-29 03:39:57,747 - INFO - ACK
2025-09-29 03:39:59,316 - ERROR - Listener-Fehler: Error parsing message with type 'FromEsp32' (File: proto_serial_client, Line: 245, Function: _listen_loop)
2025-09-29 03:39:59,346 - WARNING - Listener gestoppt reconnect (File: proto_serial_client, Line: 185, Function: _run_supervisor)
2025-09-29 03:39:59,350 - INFO - Link down
2025-09-29 03:39:59,350 - INFO - Reconnect in 0.50s
2025-09-29 03:39:59,868 - INFO - Link up: COM4 @500000
2025-09-29 03:39:59,871 - INFO - ACK
2025-09-29 03:39:59,873 - INFO - ACK
2025-09-29 03:40:02,875 - INFO - ACK
2025-09-29 03:40:02,877 - INFO - ACK
2025-09-29 03:40:04,594 - ERROR - Listener-Fehler: Error parsing message with type 'FromEsp32' (File: proto_serial_client, Line: 245, Function: _listen_loop)
2025-09-29 03:40:04,676 - WARNING - Listener gestoppt reconnect (File: proto_serial_client, Line: 185, Function: _run_supervisor)
2025-09-29 03:40:04,677 - INFO - Link down
2025-09-29 03:40:04,678 - INFO - Reconnect in 0.50s
2025-09-29 03:40:05,196 - INFO - Link up: COM4 @500000
2025-09-29 03:40:05,199 - INFO - ACK
2025-09-29 03:40:05,201 - INFO - ACK
2025-09-29 03:40:08,203 - INFO - ACK
2025-09-29 03:40:08,205 - INFO - ACK
2025-09-29 03:40:09,875 - ERROR - Listener-Fehler: Error parsing message with type 'FromEsp32' (File: proto_serial_client, Line: 245, Function: _listen_loop)
2025-09-29 03:40:10,005 - WARNING - Listener gestoppt reconnect (File: proto_serial_client, Line: 185, Function: _run_supervisor)
2025-09-29 03:40:10,007 - INFO - Link down
2025-09-29 03:40:10,007 - INFO - Reconnect in 0.50s
2025-09-29 03:40:10,525 - INFO - Link up: COM4 @500000
2025-09-29 03:40:10,528 - INFO - ACK
2025-09-29 03:40:10,530 - INFO - ACK
2025-09-29 03:40:13,534 - INFO - ACK
2025-09-29 03:40:13,536 - INFO - ACK
2025-09-29 03:40:15,183 - ERROR - Listener-Fehler: Error parsing message with type 'FromEsp32' (File: proto_serial_client, Line: 245, Function: _listen_loop)
2025-09-29 03:40:15,335 - WARNING - Listener gestoppt reconnect (File: proto_serial_client, Line: 185, Function: _run_supervisor)
2025-09-29 03:40:15,337 - INFO - Link down
2025-09-29 03:40:15,337 - INFO - Reconnect in 0.50s
2025-09-29 03:40:15,855 - INFO - Link up: COM4 @500000
2025-09-29 03:40:15,858 - INFO - ACK
2025-09-29 03:40:15,860 - INFO - ACK
2025-09-29 03:40:18,863 - INFO - ACK
2025-09-29 03:40:18,865 - INFO - ACK
2025-09-29 03:40:20,424 - ERROR - Listener-Fehler: Error parsing message with type 'FromEsp32' (File: proto_serial_client, Line: 245, Function: _listen_loop)
2025-09-29 03:40:20,464 - WARNING - Listener gestoppt reconnect (File: proto_serial_client, Line: 185, Function: _run_supervisor)
2025-09-29 03:40:20,465 - INFO - Link down
2025-09-29 03:40:20,467 - INFO - Reconnect in 0.50s
2025-09-29 03:40:20,984 - INFO - Link up: COM4 @500000
2025-09-29 03:40:20,987 - INFO - ACK
2025-09-29 03:40:20,988 - INFO - ACK
2025-09-29 03:40:23,992 - INFO - ACK
2025-09-29 03:40:23,994 - INFO - ACK
2025-09-29 03:40:25,709 - ERROR - Listener-Fehler: Error parsing message with type 'FromEsp32' (File: proto_serial_client, Line: 245, Function: _listen_loop)
2025-09-29 03:40:25,794 - WARNING - Listener gestoppt reconnect (File: proto_serial_client, Line: 185, Function: _run_supervisor)
2025-09-29 03:40:25,796 - INFO - Link down
2025-09-29 03:40:25,797 - INFO - Reconnect in 0.50s
2025-09-29 03:40:26,315 - INFO - Link up: COM4 @500000
2025-09-29 03:40:26,320 - INFO - ACK
2025-09-29 03:40:26,321 - INFO - ACK
2025-09-29 03:40:29,324 - INFO - ACK
2025-09-29 03:40:29,326 - INFO - ACK
2025-09-29 03:40:30,990 - ERROR - Listener-Fehler: Error parsing message with type 'FromEsp32' (File: proto_serial_client, Line: 245, Function: _listen_loop)
2025-09-29 03:40:31,125 - WARNING - Listener gestoppt reconnect (File: proto_serial_client, Line: 185, Function: _run_supervisor)
2025-09-29 03:40:31,126 - INFO - Link down
2025-09-29 03:40:31,127 - INFO - Reconnect in 0.50s
2025-09-29 03:40:31,645 - INFO - Link up: COM4 @500000
2025-09-29 03:40:31,648 - INFO - ACK
2025-09-29 03:40:31,650 - INFO - ACK
2025-09-29 03:40:34,652 - INFO - ACK
2025-09-29 03:40:34,653 - INFO - ACK
2025-09-29 03:40:36,269 - ERROR - Listener-Fehler: Error parsing message with type 'FromEsp32' (File: proto_serial_client, Line: 245, Function: _listen_loop)
2025-09-29 03:40:36,453 - WARNING - Listener gestoppt reconnect (File: proto_serial_client, Line: 185, Function: _run_supervisor)
2025-09-29 03:40:36,455 - INFO - Link down
2025-09-29 03:40:36,456 - INFO - Reconnect in 0.50s
2025-09-29 03:40:36,974 - INFO - Link up: COM4 @500000
2025-09-29 03:40:36,977 - INFO - ACK
2025-09-29 03:40:36,979 - INFO - ACK
2025-09-29 03:40:39,982 - INFO - ACK
2025-09-29 03:40:39,984 - INFO - ACK
2025-09-29 03:40:41,580 - ERROR - Listener-Fehler: Error parsing message with type 'FromEsp32' (File: proto_serial_client, Line: 245, Function: _listen_loop)
2025-09-29 03:40:41,782 - WARNING - Listener gestoppt reconnect (File: proto_serial_client, Line: 185, Function: _run_supervisor)
2025-09-29 03:40:41,783 - INFO - Link down
2025-09-29 03:40:41,784 - INFO - Reconnect in 0.50s
2025-09-29 03:40:42,302 - INFO - Link up: COM4 @500000
2025-09-29 03:40:42,305 - INFO - ACK
2025-09-29 03:40:42,306 - INFO - ACK
2025-09-29 03:40:45,309 - INFO - ACK
2025-09-29 03:40:45,310 - INFO - ACK
2025-09-29 03:40:46,829 - ERROR - Listener-Fehler: Error parsing message with type 'FromEsp32' (File: proto_serial_client, Line: 245, Function: _listen_loop)
2025-09-29 03:40:46,910 - WARNING - Listener gestoppt reconnect (File: proto_serial_client, Line: 185, Function: _run_supervisor)
2025-09-29 03:40:46,913 - INFO - Link down
2025-09-29 03:40:46,914 - INFO - Reconnect in 0.50s
2025-09-29 03:40:47,431 - INFO - Link up: COM4 @500000
2025-09-29 03:40:47,435 - INFO - ACK
2025-09-29 03:40:47,437 - INFO - ACK
2025-09-29 03:40:50,438 - INFO - ACK
2025-09-29 03:40:50,440 - INFO - ACK
2025-09-29 03:40:52,135 - ERROR - Listener-Fehler: Error parsing message with type 'FromEsp32' (File: proto_serial_client, Line: 245, Function: _listen_loop)
2025-09-29 03:40:52,240 - WARNING - Listener gestoppt reconnect (File: proto_serial_client, Line: 185, Function: _run_supervisor)
2025-09-29 03:40:52,243 - INFO - Link down
2025-09-29 03:40:52,243 - INFO - Reconnect in 0.50s
2025-09-29 03:40:52,761 - INFO - Link up: COM4 @500000
2025-09-29 03:40:52,764 - INFO - ACK
2025-09-29 03:40:52,765 - INFO - ACK
2025-09-29 03:40:55,771 - INFO - ACK
2025-09-29 03:40:55,773 - INFO - ACK
2025-09-29 03:40:57,382 - ERROR - Listener-Fehler: Error parsing message with type 'FromEsp32' (File: proto_serial_client, Line: 245, Function: _listen_loop)
2025-09-29 03:40:57,572 - WARNING - Listener gestoppt reconnect (File: proto_serial_client, Line: 185, Function: _run_supervisor)
2025-09-29 03:40:57,574 - INFO - Link down
2025-09-29 03:40:57,574 - INFO - Reconnect in 0.50s
2025-09-29 03:40:58,092 - INFO - Link up: COM4 @500000
2025-09-29 03:40:58,095 - INFO - ACK
2025-09-29 03:40:58,097 - INFO - ACK
2025-09-29 03:41:01,100 - INFO - ACK
2025-09-29 03:41:01,101 - INFO - ACK
2025-09-29 03:41:02,651 - ERROR - Listener-Fehler: Error parsing message with type 'FromEsp32' (File: proto_serial_client, Line: 245, Function: _listen_loop)
2025-09-29 03:41:02,700 - WARNING - Listener gestoppt reconnect (File: proto_serial_client, Line: 185, Function: _run_supervisor)
2025-09-29 03:41:02,703 - INFO - Link down
2025-09-29 03:41:02,704 - INFO - Reconnect in 0.50s
2025-09-29 03:41:03,222 - INFO - Link up: COM4 @500000
2025-09-29 03:41:03,224 - INFO - ACK
2025-09-29 03:41:03,227 - INFO - ACK
2025-09-29 03:41:06,229 - INFO - ACK
2025-09-29 03:41:06,231 - INFO - ACK
2025-09-29 03:41:07,944 - ERROR - Listener-Fehler: Error parsing message with type 'FromEsp32' (File: proto_serial_client, Line: 245, Function: _listen_loop)
2025-09-29 03:41:08,030 - WARNING - Listener gestoppt reconnect (File: proto_serial_client, Line: 185, Function: _run_supervisor)
2025-09-29 03:41:08,032 - INFO - Link down
2025-09-29 03:41:08,033 - INFO - Reconnect in 0.50s
2025-09-29 03:41:08,550 - INFO - Link up: COM4 @500000
2025-09-29 03:41:08,553 - INFO - ACK
2025-09-29 03:41:08,555 - INFO - ACK
2025-09-29 03:41:11,558 - INFO - ACK
2025-09-29 03:41:11,561 - INFO - ACK
2025-09-29 03:41:13,224 - ERROR - Listener-Fehler: Error parsing message with type 'FromEsp32' (File: proto_serial_client, Line: 245, Function: _listen_loop)
2025-09-29 03:41:13,360 - WARNING - Listener gestoppt reconnect (File: proto_serial_client, Line: 185, Function: _run_supervisor)
2025-09-29 03:41:13,362 - INFO - Link down
2025-09-29 03:41:13,363 - INFO - Reconnect in 0.50s
2025-09-29 03:41:13,881 - INFO - Link up: COM4 @500000
2025-09-29 03:41:13,885 - INFO - ACK
2025-09-29 03:41:13,887 - INFO - ACK
2025-09-29 03:41:16,888 - INFO - ACK
2025-09-29 03:41:16,889 - INFO - ACK
2025-09-29 03:41:18,503 - ERROR - Listener-Fehler: Error parsing message with type 'FromEsp32' (File: proto_serial_client, Line: 245, Function: _listen_loop)
2025-09-29 03:41:18,690 - WARNING - Listener gestoppt reconnect (File: proto_serial_client, Line: 185, Function: _run_supervisor)
2025-09-29 03:41:18,692 - INFO - Link down
2025-09-29 03:41:18,693 - INFO - Reconnect in 0.50s
2025-09-29 03:41:19,211 - INFO - Link up: COM4 @500000
2025-09-29 03:41:19,214 - INFO - ACK
2025-09-29 03:41:19,215 - INFO - ACK
2025-09-29 03:41:22,220 - INFO - ACK
2025-09-29 03:41:22,222 - INFO - ACK
2025-09-29 03:41:23,784 - ERROR - Listener-Fehler: Error parsing message with type 'FromEsp32' (File: proto_serial_client, Line: 245, Function: _listen_loop)
2025-09-29 03:41:23,820 - WARNING - Listener gestoppt reconnect (File: proto_serial_client, Line: 185, Function: _run_supervisor)
2025-09-29 03:41:23,822 - INFO - Link down
2025-09-29 03:41:23,823 - INFO - Reconnect in 0.50s
2025-09-29 03:41:24,345 - INFO - Link up: COM4 @500000
2025-09-29 03:41:24,348 - INFO - ACK
2025-09-29 03:41:24,350 - INFO - ACK
2025-09-29 03:41:27,353 - INFO - ACK
2025-09-29 03:41:27,355 - INFO - ACK
2025-09-29 03:41:29,063 - ERROR - Listener-Fehler: Error parsing message with type 'FromEsp32' (File: proto_serial_client, Line: 245, Function: _listen_loop)
2025-09-29 03:41:29,154 - WARNING - Listener gestoppt reconnect (File: proto_serial_client, Line: 185, Function: _run_supervisor)
2025-09-29 03:41:29,156 - INFO - Link down
2025-09-29 03:41:29,156 - INFO - Reconnect in 0.50s
2025-09-29 03:41:29,674 - INFO - Link up: COM4 @500000
2025-09-29 03:41:29,677 - INFO - ACK
2025-09-29 03:41:29,679 - INFO - ACK
2025-09-29 03:41:32,681 - INFO - ACK
2025-09-29 03:41:32,683 - INFO - ACK
2025-09-29 03:41:34,340 - ERROR - Listener-Fehler: Error parsing message with type 'FromEsp32' (File: proto_serial_client, Line: 245, Function: _listen_loop)
2025-09-29 03:41:34,483 - WARNING - Listener gestoppt reconnect (File: proto_serial_client, Line: 185, Function: _run_supervisor)
2025-09-29 03:41:34,484 - INFO - Link down
2025-09-29 03:41:34,484 - INFO - Reconnect in 0.50s
2025-09-29 03:41:35,004 - INFO - Link up: COM4 @500000
2025-09-29 03:41:35,006 - INFO - ACK
2025-09-29 03:41:35,009 - INFO - ACK
2025-09-29 03:41:38,012 - INFO - ACK
2025-09-29 03:41:38,013 - INFO - ACK
2025-09-29 03:41:39,619 - ERROR - Listener-Fehler: Error parsing message with type 'FromEsp32' (File: proto_serial_client, Line: 245, Function: _listen_loop)
2025-09-29 03:41:39,813 - WARNING - Listener gestoppt reconnect (File: proto_serial_client, Line: 185, Function: _run_supervisor)
2025-09-29 03:41:39,814 - INFO - Link down
2025-09-29 03:41:39,815 - INFO - Reconnect in 0.50s
2025-09-29 03:41:40,333 - INFO - Link up: COM4 @500000
2025-09-29 03:41:40,336 - INFO - ACK
2025-09-29 03:41:40,337 - INFO - ACK
2025-09-29 03:41:43,341 - INFO - ACK
2025-09-29 03:41:43,343 - INFO - ACK
